apartment_id,address,size,bedrooms,bathrooms,kitchen,air_conditioner,tv,landlord_id
1,239 Myrtle Circle,173,2,1,YES,YES,NO,5933
2,83 Bunting Way,163,1,1,YES,NO,NO,9956
3,3 Village Green Lane,157,3,2,YES,YES,NO,4016
4,265 Sutherland Drive,139,1,2,YES,YES,NO,6426
5,4727 Summit Pass,195,3,1,YES,YES,YES,10651
6,943 Johnson Point,194,1,2,YES,NO,NO,9467
7,0 Gateway Pass,161,2,2,YES,NO,YES,7322
8,95 Basil Point,166,3,2,YES,NO,YES,3503
9,5917 Susan Circle,98,2,1,YES,YES,NO,6264
10,2505 Holmberg Lane,115,1,1,YES,YES,YES,5662
11,26 Steensland Plaza,193,2,2,YES,YES,NO,8429
12,875 Dahle Lane,113,2,1,YES,NO,YES,8496
13,537 Mitchell Way,69,1,2,YES,NO,NO,1992
14,0 Northwestern Avenue,79,2,1,YES,YES,NO,7087
15,7808 Barby Street,170,3,2,YES,YES,YES,7994
16,5480 Talmadge Terrace,61,3,1,YES,NO,YES,465
17,564 Carey Trail,162,3,2,YES,YES,YES,3197
18,422 Eagle Crest Road,166,3,1,YES,YES,NO,6183
19,258 Brown Park,134,2,2,YES,YES,NO,9057
20,1 Caliangt Park,130,1,2,YES,YES,NO,5605
21,851 Muir Lane,53,2,2,YES,NO,YES,9649
22,8 Golf Way,90,1,1,YES,YES,YES,5766
23,36 Cody Road,40,2,1,NO,YES,NO,2966
24,74110 Monica Place,128,2,2,YES,YES,NO,6711
25,330 Fair Oaks Plaza,163,3,1,YES,NO,NO,5802
26,96609 American Point,74,3,1,YES,YES,NO,397
27,9 Mifflin Parkway,75,1,1,YES,YES,YES,7566
28,69 Village Green Street,88,3,2,YES,YES,NO,7990
29,97 Gale Drive,67,3,1,YES,YES,NO,8209
30,57459 Fair Oaks Hill,202,1,1,YES,YES,YES,1739
31,4367 Lakewood Gardens Point,126,1,1,YES,NO,NO,743
32,5238 Almo Trail,141,2,1,YES,YES,NO,5310
33,26 Wayridge Avenue,146,2,2,YES,YES,YES,3168
34,44177 Montana Park,190,1,1,YES,NO,NO,9735
35,7278 Thackeray Court,106,1,2,YES,YES,YES,543
36,826 Green Center,76,3,1,YES,YES,YES,4021
37,0 Scoville Junction,111,3,1,YES,NO,YES,9959
38,8678 Killdeer Center,192,1,2,YES,YES,NO,6031
39,7457 Gateway Terrace,113,3,2,YES,YES,YES,3338
40,03284 Marquette Junction,141,2,2,YES,YES,NO,2232
41,75 Green Ridge Junction,164,3,2,YES,YES,YES,2284
42,6 Sunbrook Center,164,3,2,YES,YES,NO,2047
43,01 Sage Street,115,3,1,YES,YES,YES,7939
44,71941 Westend Way,91,3,2,YES,NO,YES,725
45,0343 Tony Lane,201,1,2,YES,NO,YES,10725
46,774 Johnson Junction,91,2,2,YES,YES,NO,2418
47,8292 Oak Valley Crossing,59,3,1,YES,YES,YES,2777
48,0960 Fieldstone Way,105,1,1,YES,YES,NO,10523
49,1153 Rutledge Pass,155,3,2,YES,YES,NO,634
50,1820 Bashford Pass,176,2,1,YES,YES,YES,3883
51,7285 Meadow Valley Avenue,183,3,1,YES,NO,NO,3003
52,57 Dexter Junction,205,3,2,YES,YES,YES,6731
53,81 Buena Vista Crossing,119,3,1,YES,NO,NO,4982
54,43000 Bonner Circle,118,3,1,YES,YES,YES,5636
55,09507 Bluejay Avenue,172,2,2,YES,NO,YES,8439
56,15166 Dexter Lane,127,3,2,YES,YES,YES,2216
57,9783 Emmet Point,210,3,2,YES,NO,YES,10516
58,2094 Vernon Lane,173,3,1,YES,YES,NO,10821
59,22 Packers Avenue,75,2,2,YES,YES,NO,7052
60,14816 Kropf Circle,203,1,2,YES,YES,NO,9507
61,9071 Hovde Trail,147,2,1,YES,NO,NO,1572
62,002 Northwestern Place,140,2,1,YES,YES,NO,3991
63,1 Brown Hill,53,2,2,YES,YES,NO,2855
64,11 Westerfield Hill,126,3,2,YES,NO,NO,6774
65,74 Larry Park,51,1,2,NO,YES,NO,10514
66,190 Independence Point,153,1,1,YES,YES,YES,8383
67,06 Dorton Road,203,3,1,YES,NO,YES,1254
68,9 Waywood Way,45,2,2,NO,YES,NO,4310
69,891 Tennyson Plaza,191,1,2,YES,NO,YES,7646
70,56 Sugar Trail,57,3,1,YES,YES,YES,9556
71,234 Hoard Plaza,153,3,2,YES,YES,YES,287
72,0 Loomis Pass,125,3,1,YES,NO,NO,5884
73,0 Fallview Parkway,156,2,2,YES,YES,YES,3088
74,4599 Bayside Street,46,1,1,NO,NO,NO,3566
75,577 Troy Road,205,2,2,YES,YES,YES,2174
76,83 Washington Lane,62,2,2,YES,NO,YES,4846
77,11 Miller Center,132,2,1,YES,YES,YES,1931
78,51 Nelson Court,148,3,2,YES,NO,YES,8808
79,28303 Grayhawk Alley,166,1,2,YES,NO,NO,8670
80,8 Farragut Alley,70,3,2,YES,YES,YES,1743
81,8 John Wall Way,128,2,2,YES,NO,NO,7784
82,8 7th Road,122,2,2,YES,YES,NO,3419
83,373 Clove Plaza,53,2,2,NO,NO,YES,4017
84,74 Texas Alley,183,1,2,YES,NO,YES,2185
85,054 Brown Parkway,121,2,2,YES,YES,YES,9846
86,42290 Pawling Place,155,2,2,YES,NO,YES,9646
87,4 Leroy Plaza,109,3,2,YES,YES,YES,7752
88,0501 Bartelt Lane,70,3,1,YES,YES,YES,8062
89,87906 Grim Alley,88,3,1,YES,NO,YES,4569
90,75 Lunder Alley,134,2,1,YES,NO,YES,5061
91,90040 Karstens Park,170,1,1,YES,NO,YES,3846
92,22539 Commercial Plaza,114,1,1,YES,YES,NO,2841
93,910 Forest Trail,179,2,2,YES,YES,YES,7160
94,49848 Crest Line Avenue,86,2,1,YES,YES,YES,9888
95,22 Armistice Trail,205,2,1,YES,YES,YES,2763
96,79862 Monument Center,166,3,2,YES,YES,YES,2979
97,15924 Stoughton Street,43,2,1,YES,YES,NO,3722
98,7 Annamark Parkway,86,1,1,YES,NO,YES,31
99,34565 Farragut Avenue,170,2,2,YES,NO,YES,3563
100,87 Linden Court,76,1,1,YES,NO,NO,4274
101,68 Charing Cross Hill,201,3,1,YES,YES,YES,7767
102,619 Ridge Oak Avenue,157,1,2,YES,YES,NO,8192
103,3 Annamark Avenue,78,3,1,YES,YES,YES,3632
104,53649 7th Terrace,147,1,1,YES,YES,NO,257
105,2 Westridge Terrace,80,2,2,YES,YES,NO,4490
106,0 Hanson Center,206,3,1,YES,NO,YES,1419
107,36522 Heath Court,86,1,1,YES,YES,YES,9733
108,9 Valley Edge Avenue,188,3,1,YES,NO,YES,9037
109,4 Menomonie Junction,124,1,1,YES,NO,YES,667
110,8959 Sherman Place,114,1,1,YES,YES,YES,4487
111,8 Roth Point,192,1,1,YES,NO,NO,10985
112,40 Golf View Circle,91,3,1,YES,YES,YES,1959
113,7 Washington Road,42,2,2,YES,YES,NO,2576
114,7 Manley Parkway,75,3,1,YES,YES,YES,2889
115,871 8th Circle,132,1,2,YES,YES,YES,8605
116,55975 Sutteridge Court,184,1,2,YES,NO,NO,6083
117,8502 Pleasure Place,108,3,2,YES,NO,YES,6720
118,41876 Saint Paul Point,73,2,2,YES,YES,NO,8912
119,85384 Crowley Alley,95,2,1,YES,YES,YES,4385
120,50 Sachs Road,202,3,1,YES,NO,NO,10357
121,82 Novick Court,53,3,2,YES,NO,YES,7556
122,0 Paget Lane,163,1,1,YES,YES,YES,10658
123,1714 Northland Pass,47,2,2,NO,YES,NO,936
124,7410 Jay Pass,98,3,1,YES,YES,NO,9575
125,042 Jenna Parkway,185,3,1,YES,YES,YES,9005
126,837 Golf Trail,99,3,2,YES,NO,NO,9768
127,9918 Southridge Parkway,174,2,2,YES,YES,YES,6625
128,74 Porter Drive,102,2,1,YES,YES,YES,3851
129,96 Pleasure Place,188,2,1,YES,NO,YES,9523
130,38956 Loeprich Center,160,1,2,YES,YES,YES,7882
131,6 Waubesa Avenue,109,1,2,YES,NO,NO,8742
132,393 Oakridge Point,157,2,1,YES,NO,YES,1570
133,4 Grasskamp Parkway,149,1,2,YES,NO,NO,5058
134,466 Boyd Point,95,1,2,YES,YES,NO,4868
135,96099 Northwestern Junction,126,3,1,YES,NO,NO,2413
136,84639 Blaine Trail,105,2,1,YES,NO,YES,6336
137,4 Dorton Center,108,3,1,YES,YES,YES,3118
138,22412 Merry Plaza,109,2,1,YES,YES,YES,2900
139,906 Glacier Hill Avenue,61,3,2,NO,YES,NO,10654
140,648 Gina Circle,96,1,2,YES,YES,NO,7448
141,86970 Crownhardt Parkway,134,2,2,YES,YES,YES,2668
142,10 School Avenue,51,2,1,YES,YES,NO,274
143,9 Johnson Court,92,3,1,YES,YES,NO,7455
144,1 6th Terrace,90,3,1,YES,YES,YES,3960
145,0103 Ryan Crossing,207,3,2,YES,YES,YES,5383
146,4 Riverside Street,68,3,1,NO,NO,YES,8030
147,608 Hayes Way,71,3,2,YES,YES,YES,9278
148,493 2nd Court,52,1,2,YES,YES,YES,3795
149,5466 Kennedy Lane,85,3,1,YES,YES,YES,1070
150,1150 Cottonwood Center,75,3,2,YES,YES,NO,1672
151,61393 International Crossing,161,2,2,YES,YES,YES,6929
152,877 Ryan Trail,70,1,1,NO,NO,YES,10390
153,6 Crownhardt Terrace,45,1,2,YES,YES,NO,3637
154,441 Kenwood Way,174,1,2,YES,YES,YES,519
155,037 Melrose Point,106,1,2,YES,NO,YES,6180
156,23950 Tomscot Court,76,2,2,YES,NO,YES,4357
157,1 Bellgrove Park,158,3,2,YES,YES,YES,8128
158,27973 Stoughton Crossing,209,3,1,YES,YES,YES,3750
159,38 High Crossing Circle,40,2,2,NO,NO,NO,9060
160,6 Norway Maple Crossing,157,3,2,YES,NO,NO,1448
161,2 Mariners Cove Crossing,75,1,1,YES,YES,NO,1561
162,6 Wayridge Hill,126,1,2,YES,YES,YES,10885
163,20526 Anniversary Circle,86,2,1,YES,YES,YES,5276
164,87 Fair Oaks Plaza,66,1,1,NO,YES,NO,8955
165,0 Banding Road,139,1,2,YES,YES,NO,5812
166,224 Homewood Parkway,107,1,2,YES,YES,YES,10999
167,5 Springs Street,132,2,2,YES,YES,YES,2876
168,6078 Cordelia Street,106,3,1,YES,YES,NO,10864
169,0 Lyons Point,180,2,1,YES,YES,YES,7421
170,930 Holmberg Terrace,165,1,2,YES,YES,YES,10379
171,113 Almo Junction,179,3,2,YES,YES,YES,9596
172,43 Lillian Center,181,3,2,YES,YES,YES,277
173,87 Granby Junction,100,1,1,YES,YES,YES,7515
174,986 Butternut Lane,120,2,1,YES,NO,YES,7793
175,518 Ruskin Park,204,2,1,YES,YES,YES,9230
176,83 Thompson Avenue,58,1,2,NO,YES,YES,6633
177,146 Welch Street,148,3,2,YES,YES,YES,10676
178,36114 Bartillon Park,209,3,2,YES,NO,YES,7073
179,36289 Spaight Trail,105,3,2,YES,NO,YES,6165
180,295 Katie Circle,119,2,2,YES,YES,YES,10097
181,5358 Coleman Way,111,3,2,YES,NO,NO,1678
182,66 Leroy Place,139,2,1,YES,NO,NO,5441
183,636 Jay Drive,143,3,1,YES,YES,NO,7673
184,8 Ridgeview Lane,166,1,2,YES,YES,NO,1040
185,78 Westerfield Parkway,92,1,1,YES,YES,YES,9963
186,766 Fair Oaks Parkway,195,2,2,YES,NO,YES,7437
187,8803 Donald Road,175,3,2,YES,NO,NO,749
188,8 Southridge Avenue,186,2,1,YES,YES,YES,10476
189,41 Fairview Drive,82,1,2,YES,YES,NO,7573
190,72 Acker Circle,200,2,2,YES,YES,YES,4848
191,6 Moulton Way,137,2,2,YES,YES,YES,7869
192,5 Menomonie Point,139,2,2,YES,YES,YES,3770
193,173 Melody Circle,162,2,2,YES,YES,YES,3046
194,21324 Dayton Way,175,1,1,YES,YES,NO,2901
195,4 Fulton Lane,143,3,1,YES,NO,NO,10711
196,7 Hudson Point,137,2,1,YES,YES,NO,4728
197,3 Birchwood Avenue,49,3,1,YES,YES,NO,3886
198,366 Fieldstone Terrace,110,1,1,YES,NO,NO,4609
199,85849 Jackson Court,56,3,1,YES,YES,NO,620
200,167 Killdeer Junction,66,2,1,NO,YES,NO,356
201,7 Stephen Alley,209,1,1,YES,NO,NO,1536
202,998 Roxbury Hill,140,2,2,YES,YES,YES,9280
203,16168 Kennedy Parkway,165,3,1,YES,NO,NO,10140
204,077 Maryland Road,43,1,1,NO,YES,NO,5552
205,105 Eastwood Center,150,2,2,YES,YES,YES,8138
206,68728 Jana Plaza,112,1,2,YES,YES,NO,4946
207,5 Crescent Oaks Center,189,2,2,YES,YES,YES,3506
208,732 Garrison Junction,148,3,1,YES,YES,YES,2237
209,5 Grover Street,194,2,1,YES,NO,YES,8324
210,158 Packers Way,146,1,1,YES,YES,YES,1773
211,717 Bartillon Drive,95,3,1,YES,YES,YES,6100
212,3 Warbler Lane,165,1,2,YES,YES,NO,5493
213,55462 Becker Terrace,157,3,1,YES,NO,YES,6423
214,44 Emmet Circle,180,1,1,YES,YES,NO,5990
215,4816 Meadow Ridge Court,42,2,1,YES,YES,NO,4972
216,28487 Weeping Birch Park,107,2,1,YES,YES,NO,695
217,13 Hauk Place,205,3,1,YES,NO,YES,10304
218,0 Waywood Pass,192,3,1,YES,YES,NO,7867
219,77723 Talmadge Center,87,1,1,YES,NO,NO,4966
220,61678 Mcbride Center,48,2,2,NO,NO,NO,1214
221,26 Sutteridge Trail,119,1,1,YES,YES,NO,3445
222,85051 Carioca Point,196,1,2,YES,NO,YES,32
223,4 Lake View Center,82,3,1,YES,YES,NO,9031
224,96253 Northfield Avenue,110,1,2,YES,YES,NO,10961
225,67 Iowa Parkway,137,3,1,YES,YES,YES,1945
226,8430 Independence Terrace,182,1,1,YES,NO,NO,1205
227,7328 Prentice Street,72,2,1,YES,NO,NO,7479
228,4915 Sunfield Park,52,1,2,NO,NO,NO,10847
229,645 American Avenue,197,3,1,YES,NO,YES,7513
230,7 Comanche Pass,129,1,2,YES,YES,NO,1328
231,04 Hallows Center,166,1,2,YES,YES,YES,984
232,8 Morningstar Drive,61,3,1,YES,YES,YES,763
233,4900 American Ash Circle,102,1,2,YES,YES,YES,5611
234,594 Village Green Terrace,53,3,1,NO,YES,YES,8225
235,2 Quincy Lane,181,1,2,YES,YES,YES,9887
236,1369 Delaware Road,145,2,2,YES,YES,NO,2632
237,670 Vermont Road,110,1,2,YES,NO,NO,9880
238,37 Myrtle Street,114,3,1,YES,NO,YES,8323
239,729 Manitowish Circle,126,1,1,YES,YES,NO,10325
240,958 Kings Place,151,1,2,YES,YES,YES,9769
241,98719 Ryan Crossing,103,1,2,YES,YES,YES,8596
242,9 Valley Edge Point,64,3,1,YES,NO,YES,3302
243,2 Holmberg Road,161,3,1,YES,NO,NO,4288
244,28 Golf Center,174,2,2,YES,NO,NO,4409
245,4 East Circle,60,2,2,NO,NO,YES,623
246,1 Hoffman Avenue,107,3,2,YES,YES,YES,2854
247,96577 Towne Junction,201,3,1,YES,YES,YES,10214
248,5 Blue Bill Park Drive,197,2,2,YES,YES,NO,1531
249,867 Kim Trail,96,2,1,YES,YES,NO,1435
250,496 Westerfield Junction,177,2,2,YES,YES,YES,8269
251,5 School Road,99,2,1,YES,NO,YES,9996
252,30 Cascade Way,174,1,1,YES,YES,NO,9597
253,68 Maywood Pass,194,2,1,YES,NO,NO,8417
254,28577 Dahle Terrace,64,1,2,NO,NO,YES,6830
255,387 Forest Dale Plaza,158,3,2,YES,NO,YES,815
256,3 Meadow Valley Parkway,40,3,1,NO,NO,NO,799
257,40 Arapahoe Alley,203,2,1,YES,YES,YES,711
258,52251 Anhalt Drive,163,2,2,YES,YES,YES,2666
259,466 Manitowish Parkway,143,1,2,YES,YES,NO,2746
260,4264 Lukken Park,202,2,1,YES,YES,YES,9490
261,896 Caliangt Street,183,3,2,YES,NO,NO,282
262,4 Hoffman Plaza,110,3,2,YES,YES,YES,3857
263,21107 West Court,96,1,1,YES,YES,YES,6001
264,0900 Hovde Way,79,3,1,YES,YES,NO,2593
265,3329 Lake View Drive,75,3,2,YES,YES,YES,1208
266,7589 Kensington Street,184,3,2,YES,YES,NO,6293
267,6057 Gateway Park,152,3,2,YES,YES,NO,5143
268,275 Oriole Circle,197,2,2,YES,NO,YES,7705
269,11346 Garrison Lane,100,2,2,YES,NO,YES,8995
270,789 Petterle Avenue,189,1,2,YES,NO,NO,3255
271,87837 Northport Alley,88,2,2,YES,YES,NO,8063
272,24 Trailsway Center,115,1,1,YES,YES,YES,3712
273,8499 Upham Center,107,1,2,YES,YES,YES,1829
274,4 Riverside Hill,178,1,2,YES,NO,YES,400
275,06167 Clarendon Park,196,1,2,YES,YES,NO,4773
276,2001 Hagan Drive,96,1,2,YES,YES,YES,5160
277,4006 Jana Circle,65,2,2,YES,NO,YES,4875
278,84263 Reinke Avenue,65,3,1,NO,YES,YES,10518
279,815 Debra Avenue,59,3,1,NO,NO,NO,6061
280,776 Morning Road,103,2,1,YES,NO,YES,8013
281,44 Walton Pass,41,2,1,NO,NO,NO,4073
282,9 Tennyson Street,74,2,2,YES,NO,YES,3436
283,454 Dakota Lane,156,2,2,YES,YES,NO,8089
284,291 Lakeland Hill,95,2,2,YES,YES,YES,808
285,9778 Merchant Pass,47,2,2,YES,YES,NO,5088
286,77380 Bunker Hill Center,177,1,1,YES,YES,YES,10789
287,31 Dakota Circle,119,2,2,YES,YES,YES,6680
288,9689 Spenser Center,76,2,2,YES,NO,YES,4687
289,7 Glendale Crossing,174,1,2,YES,YES,YES,406
290,5510 Ridge Oak Drive,100,2,1,YES,NO,YES,1317
291,6 Talmadge Trail,133,2,1,YES,YES,YES,8402
292,55 Loftsgordon Crossing,92,2,1,YES,NO,YES,6832
293,280 Mesta Drive,102,3,2,YES,NO,NO,1575
294,06 David Junction,153,1,2,YES,YES,NO,5029
295,8 American Crossing,203,1,1,YES,YES,YES,5003
296,51935 Schiller Point,66,3,1,YES,NO,YES,1948
297,2242 Jenifer Place,103,2,2,YES,YES,YES,8541
298,33 Crowley Street,130,2,2,YES,NO,NO,6886
299,59 Parkside Court,164,3,2,YES,NO,YES,4482
300,83 Hallows Road,85,2,1,YES,YES,YES,10110
301,0 Mosinee Alley,119,1,2,YES,YES,YES,9654
302,47512 Hagan Court,184,3,1,YES,YES,YES,6065
303,932 Onsgard Pass,97,1,2,YES,NO,YES,9703
304,0421 Surrey Trail,67,2,1,YES,YES,YES,9928
305,8 Springview Parkway,159,3,1,YES,YES,YES,1129
306,373 Ludington Point,88,1,1,YES,YES,YES,6441
307,72066 Schmedeman Pass,148,1,2,YES,YES,NO,6736
308,9 Heath Street,58,2,1,NO,YES,YES,6142
309,591 Dawn Pass,159,3,1,YES,YES,YES,9261
310,3241 Tony Parkway,131,3,2,YES,YES,YES,6460
311,0 Sutherland Center,136,3,1,YES,YES,YES,10610
312,39 Muir Pass,190,2,2,YES,YES,YES,7408
313,30 Bonner Avenue,179,3,1,YES,YES,YES,1794
314,711 Trailsway Road,153,3,2,YES,NO,YES,6292
315,290 Little Fleur Pass,91,3,2,YES,YES,NO,10393
316,59 High Crossing Terrace,121,2,2,YES,YES,YES,7979
317,1 Redwing Court,199,2,1,YES,YES,YES,9790
318,455 Sunnyside Place,81,2,1,YES,YES,NO,1488
319,53 Pearson Park,106,2,1,YES,YES,NO,1198
320,43454 Roth Alley,76,3,2,YES,NO,YES,1268
321,1464 Carberry Road,124,2,2,YES,YES,YES,8986
322,9 Randy Point,172,1,2,YES,NO,NO,7362
323,77687 Muir Road,53,3,2,YES,NO,NO,572
324,0 Redwing Center,54,2,1,NO,NO,NO,3347
325,3 Garrison Hill,209,3,1,YES,NO,YES,9929
326,46658 Northwestern Parkway,124,2,1,YES,YES,YES,417
327,20 Raven Road,150,3,1,YES,YES,NO,9084
328,8633 Springview Circle,142,2,1,YES,NO,YES,8134
329,72389 Ramsey Drive,157,1,2,YES,YES,NO,5744
330,3068 Lotheville Junction,112,1,1,YES,YES,NO,8622
331,72160 East Place,166,3,2,YES,YES,NO,7770
332,74 Fordem Center,122,1,1,YES,YES,NO,4720
333,25 Fuller Way,121,3,2,YES,YES,YES,2473
334,56019 Crowley Trail,159,1,1,YES,YES,YES,1712
335,6 Hansons Junction,117,2,2,YES,NO,YES,8462
336,06 Ryan Plaza,208,3,1,YES,NO,NO,7989
337,204 Eastwood Street,205,3,1,YES,YES,NO,9217
338,4657 Manitowish Lane,119,1,1,YES,YES,NO,6458
339,310 Northfield Center,128,3,2,YES,YES,NO,5384
340,40090 Michigan Avenue,99,1,1,YES,YES,NO,7983
341,61 Sherman Place,89,3,1,YES,YES,YES,4797
342,02454 Johnson Point,136,2,1,YES,NO,YES,4583
343,12 Division Court,127,3,2,YES,YES,NO,3664
344,8 Old Shore Drive,46,3,2,NO,YES,NO,6106
345,05490 Rowland Center,127,2,2,YES,NO,YES,8408
346,319 Ilene Street,107,3,1,YES,YES,YES,7985
347,0174 Wayridge Court,200,1,1,YES,YES,YES,1717
348,2899 Warner Crossing,141,3,1,YES,YES,YES,9626
349,38369 Miller Alley,186,2,1,YES,YES,NO,828
350,1781 Packers Parkway,145,2,1,YES,YES,YES,4283
351,1725 Blaine Hill,157,3,2,YES,YES,NO,1941
352,156 Luster Crossing,144,3,2,YES,NO,NO,5856
353,5452 Shopko Court,195,1,2,YES,NO,NO,9194
354,3 Loftsgordon Alley,143,2,2,YES,NO,YES,6421
355,0 Manufacturers Terrace,104,2,1,YES,YES,NO,5304
356,79 Wayridge Parkway,148,1,1,YES,NO,NO,7504
357,233 Crest Line Street,60,2,2,YES,NO,YES,9843
358,0 Crownhardt Terrace,173,2,2,YES,YES,NO,9527
359,99 Bowman Terrace,127,1,2,YES,YES,YES,8733
360,33289 6th Terrace,105,2,2,YES,YES,YES,6838
361,73 Heath Drive,52,2,1,YES,NO,YES,8977
362,4032 Jay Point,158,2,1,YES,YES,NO,1133
363,04 Butternut Hill,49,2,1,NO,NO,NO,6941
364,0223 Waywood Hill,102,3,2,YES,YES,YES,10146
365,0 Dorton Street,64,1,2,NO,YES,YES,4318
366,32 Caliangt Hill,198,1,1,YES,YES,YES,8809
367,05504 Cordelia Way,152,1,1,YES,YES,NO,4263
368,578 Old Shore Circle,122,3,2,YES,NO,NO,9265
369,428 Thierer Hill,150,3,2,YES,NO,YES,8974
370,55 Logan Terrace,160,1,1,YES,NO,YES,10165
371,0 Sunbrook Center,209,3,1,YES,YES,YES,2965
372,65387 Stone Corner Lane,196,1,2,YES,YES,YES,4776
373,31164 Merrick Place,119,1,1,YES,YES,YES,5484
374,1 Di Loreto Terrace,43,1,2,NO,YES,NO,5014
375,2277 Sage Lane,143,2,2,YES,YES,YES,505
376,238 Bunting Court,193,3,1,YES,YES,YES,1062
377,8821 Fordem Circle,106,1,2,YES,YES,NO,1935
378,136 Transport Circle,209,3,1,YES,NO,NO,3297
379,95367 Burning Wood Point,205,2,1,YES,NO,YES,8984
380,7 Artisan Alley,95,2,2,YES,NO,YES,10796
381,97789 Hovde Junction,52,3,2,NO,NO,YES,2648
382,43612 Sheridan Place,82,2,2,YES,YES,YES,1226
383,4519 Park Meadow Terrace,184,3,2,YES,YES,YES,1206
384,95 Bashford Hill,80,2,2,YES,YES,NO,420
385,5 Oriole Drive,117,3,2,YES,NO,NO,10564
386,31 Florence Point,167,3,2,YES,YES,YES,4115
387,3 Holy Cross Lane,205,2,1,YES,NO,YES,3926
388,61 Ohio Junction,154,2,1,YES,YES,NO,4991
389,15 Jackson Street,178,2,2,YES,YES,YES,979
390,682 Forest Dale Drive,160,3,2,YES,YES,YES,1188
391,6174 Ilene Trail,190,3,1,YES,YES,YES,1479
392,7865 Monica Circle,82,3,2,YES,NO,YES,6111
393,87 Rigney Crossing,170,1,2,YES,NO,NO,528
394,26088 Upham Terrace,180,2,2,YES,NO,NO,8650
395,1 Corben Way,177,2,2,YES,NO,YES,6873
396,14449 Duke Park,97,3,1,YES,YES,YES,9993
397,00156 Alpine Trail,125,2,1,YES,YES,NO,10160
398,13 Lindbergh Hill,171,3,2,YES,NO,NO,3351
399,3979 Westport Alley,194,1,2,YES,NO,NO,601
400,4200 Brentwood Court,145,2,1,YES,YES,YES,3123
401,19 Golf View Street,137,3,2,YES,NO,YES,9942
402,5928 Northridge Lane,102,1,2,YES,YES,YES,6128
403,91918 Union Alley,192,3,2,YES,YES,YES,9149
404,75 Vidon Way,201,3,2,YES,NO,NO,9409
405,828 Mayfield Circle,76,1,2,YES,NO,YES,8271
406,872 Texas Parkway,206,1,1,YES,YES,YES,8174
407,28259 Muir Lane,194,1,2,YES,YES,NO,351
408,28337 Fairfield Trail,112,2,1,YES,YES,YES,7468
409,42 Comanche Circle,138,2,2,YES,YES,NO,10781
410,063 Coleman Crossing,81,2,1,YES,NO,YES,6494
411,48118 Fremont Park,127,2,1,YES,YES,NO,9389
412,7949 Hallows Center,192,1,1,YES,YES,NO,4505
413,4 American Lane,163,1,2,YES,YES,NO,10738
414,244 Del Mar Point,148,2,1,YES,NO,YES,6428
415,59 Crescent Oaks Crossing,52,2,2,NO,YES,YES,7367
416,3 Dexter Lane,50,2,2,NO,NO,YES,2118
417,48864 Warrior Parkway,140,2,1,YES,YES,NO,6062
418,63 Sutteridge Alley,124,3,1,YES,NO,YES,2870
419,398 Di Loreto Way,98,2,2,YES,YES,YES,9741
420,3569 Northfield Place,157,2,2,YES,YES,NO,10503
421,45687 Lake View Circle,194,2,1,YES,YES,NO,8350
422,56 Kings Lane,162,3,1,YES,NO,NO,4529
423,0 Larry Junction,111,3,2,YES,NO,NO,6159
424,55 Jackson Road,68,1,1,NO,NO,NO,1187
425,653 David Park,117,3,1,YES,YES,NO,8675
426,0 Nevada Junction,143,2,2,YES,YES,YES,10498
427,06571 Vermont Drive,54,2,1,NO,YES,YES,9000
428,60 Forster Terrace,158,1,2,YES,NO,YES,8636
429,01340 Mcbride Road,61,3,2,YES,YES,NO,2749
430,78 Lawn Parkway,189,1,1,YES,NO,NO,5726
431,74 Lotheville Way,162,3,2,YES,YES,YES,10048
432,458 Hagan Point,176,3,1,YES,NO,NO,2447
433,00 Meadow Vale Trail,59,3,1,NO,YES,YES,7274
434,80 Hintze Road,90,3,2,YES,NO,YES,6931
435,7 Myrtle Park,136,1,1,YES,NO,NO,8413
436,1916 Express Parkway,177,1,1,YES,NO,YES,4332
437,6 Shasta Park,162,2,1,YES,YES,YES,8137
438,7 Pearson Street,113,1,2,YES,NO,YES,2677
439,0366 Morningstar Way,207,1,2,YES,NO,YES,9988
440,04413 Redwing Street,148,3,1,YES,YES,NO,10932
441,3 Northfield Alley,168,2,2,YES,YES,YES,7722
442,42901 Crescent Oaks Plaza,197,2,1,YES,NO,NO,5251
443,781 Hoard Way,43,3,2,YES,NO,NO,10218
444,3325 Old Shore Way,50,2,2,NO,NO,YES,7029
445,80806 Knutson Alley,50,1,2,YES,YES,YES,9595
446,97165 International Center,43,3,2,YES,NO,NO,5411
447,98 Hanover Point,105,3,1,YES,YES,YES,10032
448,3 Fairfield Junction,153,2,1,YES,YES,YES,9430
449,9 Miller Junction,106,1,1,YES,NO,YES,8290
450,5 Maywood Terrace,80,1,1,YES,NO,YES,10400
451,694 Cherokee Hill,47,2,2,NO,NO,NO,5491
452,10556 Quincy Avenue,169,1,2,YES,YES,YES,7943
453,27 Cherokee Avenue,143,1,2,YES,YES,YES,7791
454,9625 Hanson Point,85,2,1,YES,YES,YES,989
455,18877 Bluestem Trail,86,3,2,YES,YES,YES,654
456,2083 Corben Way,122,1,2,YES,YES,NO,2282
457,858 Texas Street,128,3,1,YES,YES,YES,10398
458,800 Meadow Ridge Center,174,1,1,YES,YES,NO,9694
459,89 Luster Terrace,79,2,1,YES,NO,YES,7401
460,26 Ridgeview Parkway,97,2,1,YES,YES,YES,7982
461,70646 6th Park,147,1,1,YES,YES,NO,3296
462,7142 Jenna Way,90,1,1,YES,YES,YES,5895
463,7 Dottie Avenue,88,3,2,YES,YES,NO,8544
464,2175 Mayfield Park,186,1,1,YES,YES,YES,5898
465,36 Green Road,42,3,1,NO,NO,NO,9373
466,76725 Longview Circle,72,2,1,YES,YES,NO,8606
467,8931 Bluejay Plaza,182,1,1,YES,YES,YES,6338
468,9 Swallow Street,94,3,1,YES,YES,NO,5619
469,4181 Ridge Oak Center,115,2,1,YES,YES,NO,1338
470,9293 Helena Road,112,3,2,YES,YES,YES,1431
471,5 Mockingbird Park,83,3,1,YES,YES,YES,6376
472,68 Mosinee Avenue,85,3,2,YES,YES,YES,161
473,031 Basil Point,144,3,1,YES,YES,YES,9326
474,52 Havey Parkway,63,1,2,YES,YES,NO,10243
475,03326 Carpenter Parkway,192,3,2,YES,NO,NO,977
476,0 Lukken Way,64,2,1,NO,YES,YES,724
477,6 Shopko Alley,179,2,2,YES,YES,NO,4153
478,6 Melrose Parkway,169,1,2,YES,YES,YES,3432
479,26 Fordem Road,65,3,1,YES,YES,YES,7948
480,13195 Grim Street,64,2,1,YES,YES,NO,4461
481,8 Scott Hill,68,2,1,YES,YES,YES,6008
482,465 Truax Circle,176,2,2,YES,YES,YES,7923
483,69453 Reinke Point,206,3,1,YES,YES,YES,8936
484,82 Burrows Road,210,3,2,YES,NO,YES,5819
485,8036 Ridgeview Trail,101,2,2,YES,YES,YES,1404
486,442 Bonner Center,204,2,2,YES,NO,NO,4116
487,2714 Prentice Terrace,98,3,1,YES,YES,NO,10605
488,2 Bowman Street,110,2,2,YES,NO,YES,2912
489,5710 Chinook Crossing,58,2,1,NO,NO,YES,4574
490,85 Portage Trail,208,3,1,YES,YES,NO,1493
491,89 Blue Bill Park Street,164,1,2,YES,NO,YES,3056
492,00696 Carey Circle,52,3,2,NO,YES,YES,1988
493,454 Melvin Drive,201,2,1,YES,YES,YES,4543
494,6780 Riverside Point,57,3,2,NO,YES,NO,6012
495,08903 Bunting Terrace,131,2,2,YES,NO,NO,1115
496,5437 Badeau Parkway,164,3,2,YES,YES,YES,7249
497,7317 Fremont Alley,158,1,2,YES,YES,NO,3131
498,32 Sheridan Center,182,2,2,YES,NO,NO,2270
499,2513 Gerald Circle,62,1,2,YES,YES,YES,9166
500,343 Northfield Junction,100,1,2,YES,YES,NO,7865
501,13 Carberry Pass,198,3,2,YES,YES,YES,591
502,2 6th Plaza,89,3,1,YES,YES,NO,3736
503,38660 Pepper Wood Hill,139,1,1,YES,NO,YES,8954
504,2 Green Ridge Drive,196,1,1,YES,YES,YES,6316
505,99 Crownhardt Terrace,210,1,2,YES,YES,YES,433
506,914 Kings Alley,97,3,2,YES,YES,YES,613
507,2 Drewry Junction,210,2,2,YES,NO,YES,4716
508,197 Melvin Drive,202,3,1,YES,YES,NO,1438
509,1094 Haas Road,74,1,1,YES,YES,YES,2016
510,5400 Quincy Road,174,3,1,YES,NO,NO,1070
511,97 Vidon Junction,67,1,1,NO,YES,YES,2170
512,545 Starling Alley,116,1,1,YES,YES,YES,1777
513,944 Redwing Place,109,1,1,YES,YES,NO,3525
514,798 Lake View Trail,141,1,1,YES,NO,NO,9020
515,1 Cottonwood Point,167,2,2,YES,NO,NO,3226
516,5 Riverside Court,58,1,2,NO,YES,NO,7077
517,37629 Bobwhite Crossing,82,1,1,YES,YES,YES,4283
518,99 Blaine Lane,68,3,1,YES,NO,YES,7354
519,7 Algoma Center,201,3,1,YES,YES,YES,3372
520,372 7th Park,125,1,2,YES,YES,NO,10914
521,726 Roth Avenue,129,3,1,YES,YES,YES,3011
522,54 Lawn Avenue,96,2,2,YES,NO,YES,5288
523,6150 Hoepker Alley,151,1,1,YES,NO,NO,9323
524,15 Lukken Avenue,170,2,1,YES,NO,YES,10423
525,35 Coolidge Trail,206,1,2,YES,NO,YES,880
526,521 Farwell Alley,100,3,2,YES,NO,YES,7671
527,66 Division Junction,203,3,2,YES,YES,YES,3389
528,2 Hanover Crossing,103,2,2,YES,NO,NO,7320
529,75 Arkansas Parkway,99,1,2,YES,YES,YES,8697
530,482 Raven Park,206,3,2,YES,YES,YES,8303
531,9794 Homewood Pass,114,1,1,YES,NO,NO,2246
532,862 Cordelia Junction,186,3,2,YES,YES,NO,4539
533,5 Nobel Trail,205,1,2,YES,YES,YES,5409
534,2143 Miller Court,77,1,1,YES,YES,YES,5770
535,86 Mesta Junction,47,2,1,NO,YES,NO,3406
536,102 2nd Crossing,125,2,2,YES,YES,YES,7055
537,0 2nd Park,143,1,2,YES,YES,NO,7790
538,5303 Old Gate Pass,56,3,2,YES,YES,YES,36
539,7138 Summer Ridge Place,205,2,2,YES,YES,NO,6542
540,1718 Pleasure Park,196,1,1,YES,NO,YES,5892
541,533 Schlimgen Lane,188,3,1,YES,YES,NO,35
542,699 Meadow Valley Street,137,3,2,YES,YES,NO,1274
543,98 Spaight Center,191,3,1,YES,YES,NO,5926
544,27 Tennessee Crossing,78,1,1,YES,YES,YES,7315
545,7 Derek Parkway,74,3,2,YES,YES,YES,6430
546,44 Cottonwood Way,52,1,1,YES,NO,YES,369
547,15703 Fordem Park,132,2,2,YES,YES,NO,1621
548,21 South Street,103,3,1,YES,NO,NO,1455
549,1630 Rigney Avenue,205,1,2,YES,YES,NO,9551
550,1 Del Mar Street,166,2,1,YES,YES,YES,8426
551,1 North Avenue,209,2,2,YES,YES,YES,4217
552,8 Scoville Drive,137,3,2,YES,NO,YES,4853
553,29935 Parkside Trail,117,2,1,YES,YES,NO,2167
554,393 Graceland Avenue,86,1,1,YES,YES,YES,4964
555,544 Delaware Lane,78,1,1,YES,YES,NO,3073
556,51228 Thierer Road,125,1,1,YES,NO,YES,5689
557,33626 Anderson Center,86,2,2,YES,YES,YES,10273
558,41 Anniversary Point,194,1,2,YES,YES,NO,6822
559,0 Randy Park,158,3,2,YES,YES,NO,930
560,474 Cody Trail,66,3,1,YES,YES,YES,3589
561,836 Eggendart Way,57,3,2,NO,YES,YES,9553
562,4242 Kensington Parkway,192,1,1,YES,NO,YES,4159
563,0048 Northwestern Circle,160,1,2,YES,YES,YES,6467
564,9145 Arizona Drive,86,3,2,YES,YES,YES,706
565,9132 Graceland Way,137,1,1,YES,YES,YES,10795
566,300 Springview Alley,205,2,1,YES,YES,YES,5712
567,832 Village Terrace,154,2,1,YES,YES,YES,1803
568,50791 Northfield Alley,43,2,1,NO,NO,NO,6261
569,36 Thierer Drive,140,2,1,YES,NO,YES,8898
570,301 Pierstorff Junction,77,2,2,YES,YES,NO,2829
571,84 Alpine Alley,210,3,2,YES,NO,YES,4813
572,0783 Dahle Point,206,2,2,YES,YES,YES,1673
573,01685 Brentwood Circle,161,1,2,YES,YES,NO,10917
574,81 Ilene Avenue,111,2,1,YES,NO,YES,5120
575,3518 Clyde Gallagher Road,197,3,2,YES,YES,YES,7254
576,74992 Carberry Road,73,2,2,YES,YES,YES,755
577,71728 Prentice Junction,123,1,1,YES,NO,YES,4907
578,7161 Melody Plaza,199,1,1,YES,YES,YES,10363
579,79 Kensington Terrace,177,2,1,YES,YES,NO,6035
580,7096 Continental Park,95,3,2,YES,YES,YES,6917
581,462 Anthes Plaza,137,2,1,YES,YES,YES,9773
582,3 Gateway Street,129,1,2,YES,YES,YES,10359
583,831 Sugar Circle,110,3,2,YES,YES,YES,10217
584,7267 Kim Pass,66,1,2,NO,YES,YES,7770
585,02 Lake View Circle,97,1,1,YES,NO,YES,420
586,9 Blaine Terrace,72,2,1,YES,YES,NO,3701
587,04 American Ash Road,170,3,1,YES,YES,NO,7809
588,30190 Mcbride Center,154,1,2,YES,NO,YES,4502
589,79 Armistice Trail,191,1,1,YES,YES,NO,3244
590,1326 Red Cloud Place,131,2,1,YES,YES,YES,3670
591,3392 Sage Court,162,3,2,YES,YES,YES,2429
592,7 High Crossing Alley,70,1,1,YES,YES,YES,6980
593,2 Artisan Trail,142,3,2,YES,NO,YES,6321
594,7 Kropf Crossing,138,2,1,YES,YES,NO,10479
595,223 Oakridge Crossing,196,2,2,YES,YES,NO,3852
596,78734 Eastlawn Junction,126,3,1,YES,NO,YES,9860
597,3721 Elka Parkway,177,1,2,YES,YES,YES,10653
598,4525 Crowley Road,66,1,1,NO,YES,YES,8497
599,677 Drewry Way,68,1,2,NO,NO,NO,2035
600,8 Ridge Oak Court,104,2,1,YES,YES,NO,7252
601,61976 Bartelt Trail,62,1,1,YES,YES,NO,10287
602,513 Hoepker Place,157,1,1,YES,YES,NO,10080
603,19 Dorton Way,47,2,2,NO,YES,NO,9932
604,372 Green Ridge Park,184,2,2,YES,YES,NO,5680
605,848 Ludington Pass,70,3,1,NO,NO,NO,351
606,01 Anderson Lane,49,1,2,NO,NO,NO,10004
607,5928 Kingsford Center,62,3,1,NO,NO,NO,3988
608,5 Pine View Court,114,3,1,YES,NO,NO,7034
609,1 Dennis Hill,196,1,1,YES,YES,NO,6065
610,1155 Hintze Trail,52,3,2,YES,YES,YES,95
611,5095 Pierstorff Terrace,178,2,1,YES,NO,YES,9530
612,781 Charing Cross Place,137,1,1,YES,YES,NO,2943
613,088 Hauk Terrace,202,3,2,YES,NO,YES,4072
614,57297 Quincy Road,52,3,2,NO,YES,YES,374
615,291 Warrior Plaza,61,2,2,NO,NO,YES,6214
616,19 Scofield Way,53,3,1,YES,YES,NO,4054
617,273 Clove Park,92,2,2,YES,YES,YES,10325
618,5547 Arizona Plaza,175,3,1,YES,YES,YES,4079
619,68544 Fuller Avenue,150,2,1,YES,YES,NO,5875
620,552 Merry Terrace,161,1,1,YES,NO,YES,467
621,9 Algoma Trail,121,3,2,YES,NO,NO,4209
622,7919 Fordem Crossing,88,2,1,YES,YES,YES,7888
623,99405 Golf View Junction,138,2,1,YES,YES,NO,7184
624,4 Fremont Center,67,2,2,YES,NO,YES,5223
625,44781 Golf Trail,180,2,1,YES,YES,NO,10784
626,79 Eagle Crest Alley,114,3,2,YES,YES,NO,9370
627,3 Veith Parkway,70,2,2,YES,NO,YES,5654
628,918 Rieder Circle,51,3,1,YES,NO,NO,6817
629,8 Washington Terrace,120,3,1,YES,NO,YES,9193
630,5 Hanson Court,169,2,2,YES,YES,YES,2063
631,5649 Starling Street,79,2,2,YES,NO,YES,7166
632,2979 Portage Lane,197,1,2,YES,YES,NO,5231
633,97975 Briar Crest Avenue,135,3,2,YES,YES,YES,5017
634,31 Blackbird Point,90,3,1,YES,YES,YES,7484
635,6 Myrtle Street,163,2,1,YES,NO,YES,6389
636,806 Shoshone Hill,125,2,1,YES,YES,YES,4491
637,2480 Delaware Park,107,2,1,YES,YES,NO,6327
638,81 Cambridge Terrace,61,1,2,NO,NO,YES,364
639,2 Emmet Junction,128,3,2,YES,YES,YES,7114
640,7912 Florence Parkway,171,1,2,YES,YES,NO,6317
641,54159 Veith Junction,77,3,2,YES,NO,YES,3043
642,3364 Leroy Avenue,118,2,2,YES,YES,YES,4266
643,495 Hudson Trail,53,1,1,YES,YES,YES,10281
644,9886 Daystar Alley,82,2,1,YES,NO,YES,8192
645,01 Hansons Road,181,2,2,YES,YES,YES,4873
646,947 Derek Lane,209,1,2,YES,YES,NO,8791
647,11594 Magdeline Point,175,2,1,YES,YES,YES,678
648,71229 Glacier Hill Park,177,2,2,YES,NO,YES,2681
649,6 Sauthoff Place,201,1,2,YES,NO,NO,1563
650,1430 Nancy Circle,135,3,2,YES,YES,YES,1394
651,482 Grover Terrace,47,2,2,NO,YES,NO,10060
652,07 Mendota Park,152,3,2,YES,YES,YES,5467
653,58 Dixon Park,124,1,2,YES,YES,YES,5174
654,49823 Granby Crossing,119,2,1,YES,YES,NO,658
655,21491 Mitchell Parkway,184,2,1,YES,YES,NO,9164
656,977 Gateway Park,185,3,2,YES,NO,NO,4811
657,25 New Castle Place,142,1,1,YES,YES,NO,9079
658,19 Bayside Pass,82,2,1,YES,NO,YES,5358
659,122 Hudson Terrace,138,1,2,YES,YES,YES,8204
660,2055 East Hill,70,1,1,YES,NO,YES,8076
661,191 Gateway Way,137,3,1,YES,NO,NO,2036
662,9876 Anniversary Center,193,3,2,YES,YES,YES,10995
663,3877 Brown Alley,171,2,2,YES,NO,YES,9682
664,120 Grasskamp Pass,114,2,1,YES,NO,YES,10453
665,0 Schmedeman Plaza,208,1,2,YES,YES,YES,2082
666,4 Utah Alley,102,3,1,YES,YES,YES,8285
667,632 Dryden Junction,75,3,2,YES,YES,YES,5540
668,8 Russell Point,46,1,2,NO,YES,NO,6571
669,58 Shelley Center,53,2,2,NO,YES,NO,3398
670,5143 Sloan Way,119,3,2,YES,YES,YES,3054
671,672 5th Court,112,2,1,YES,YES,YES,368
672,83847 Rusk Court,204,1,1,YES,NO,YES,5198
673,5 Garrison Drive,47,2,2,NO,YES,NO,9512
674,5747 Lerdahl Junction,188,1,1,YES,YES,YES,1476
675,34282 Arkansas Plaza,109,1,2,YES,YES,YES,8001
676,0749 Kinsman Circle,171,2,2,YES,YES,NO,206
677,84 Miller Street,54,3,1,YES,YES,NO,5800
678,575 Sherman Center,102,2,1,YES,YES,YES,2727
679,8 Parkside Circle,148,3,1,YES,YES,NO,10525
680,70 Grim Avenue,168,3,2,YES,YES,YES,8847
681,32 Loomis Court,121,2,2,YES,NO,YES,7297
682,88261 Summerview Drive,58,2,1,YES,YES,YES,6244
683,04 Miller Avenue,180,1,2,YES,NO,NO,7771
684,09342 Helena Lane,171,1,1,YES,YES,NO,195
685,7 Gateway Park,44,1,2,YES,YES,NO,647
686,920 Lighthouse Bay Trail,170,3,1,YES,YES,YES,6402
687,4615 Hansons Plaza,136,3,2,YES,NO,YES,229
688,40373 Dennis Park,137,3,2,YES,NO,YES,7216
689,4227 Westerfield Pass,70,3,2,YES,YES,NO,5741
690,4 Roxbury Pass,202,3,1,YES,YES,YES,9346
691,12783 Kensington Crossing,57,1,1,YES,NO,YES,2846
692,6 Maple Wood Hill,42,2,2,YES,YES,NO,10848
693,295 Di Loreto Drive,121,1,2,YES,YES,YES,6386
694,28 Cody Alley,104,3,2,YES,NO,NO,2075
695,5 Hazelcrest Alley,192,2,2,YES,YES,YES,9723
696,5 Donald Lane,173,1,2,YES,YES,YES,5622
697,33527 Farragut Crossing,196,2,1,YES,NO,YES,1150
698,2905 Heffernan Alley,134,3,2,YES,YES,YES,2019
699,32281 Tony Center,99,2,1,YES,YES,NO,7572
700,8436 Lakeland Junction,100,2,1,YES,NO,YES,2927
701,0 Fuller Alley,149,3,1,YES,YES,YES,2330
702,1 Lawn Way,99,3,1,YES,NO,YES,4378
703,1574 Summerview Terrace,138,3,1,YES,YES,YES,6834
704,54532 Clyde Gallagher Place,100,1,2,YES,YES,YES,1590
705,54 Dottie Terrace,102,3,2,YES,NO,NO,5215
706,14 Prairieview Avenue,125,3,2,YES,NO,YES,3087
707,9619 Gina Parkway,205,2,2,YES,YES,YES,5311
708,00572 Longview Plaza,162,1,2,YES,NO,NO,2308
709,20 Hermina Trail,53,1,2,NO,YES,YES,2409
710,3 Darwin Park,93,3,2,YES,NO,YES,2495
711,043 Talmadge Drive,89,3,1,YES,NO,NO,10812
712,700 Cordelia Parkway,97,1,2,YES,YES,NO,10559
713,575 Continental Alley,160,1,2,YES,NO,YES,3654
714,6 Mockingbird Lane,61,1,2,YES,NO,YES,6898
715,36 Pawling Way,164,3,1,YES,NO,YES,8541
716,30010 Golf View Plaza,112,3,2,YES,YES,YES,8528
717,792 Hooker Court,50,1,2,YES,YES,NO,2884
718,68 Fulton Junction,139,1,1,YES,YES,YES,9675
719,03 Hoffman Hill,210,3,2,YES,YES,YES,91
720,0 Transport Crossing,83,1,2,YES,YES,NO,7217
721,5686 La Follette Parkway,70,2,2,NO,NO,YES,1153
722,7 Sunfield Way,198,2,2,YES,NO,YES,2639
723,1695 Waubesa Crossing,202,2,1,YES,YES,YES,10484
724,5 Sugar Circle,99,1,2,YES,NO,YES,7901
725,4 Sherman Lane,44,3,1,NO,YES,NO,1964
726,6 Bunker Hill Avenue,56,1,2,YES,YES,NO,6019
727,76 Almo Point,42,3,1,NO,NO,NO,9203
728,345 Paget Road,67,1,1,NO,YES,YES,6024
729,488 Springs Trail,181,1,2,YES,NO,YES,3626
730,76 Laurel Pass,141,3,1,YES,NO,YES,2675
731,6 Victoria Court,162,2,1,YES,NO,NO,5468
732,19 Westport Junction,48,2,1,NO,YES,NO,7988
733,94251 Victoria Park,62,3,2,NO,YES,YES,5579
734,72 Sugar Court,151,2,1,YES,YES,NO,2668
735,5337 Hoard Park,189,2,1,YES,YES,NO,3078
736,998 Swallow Street,62,2,1,NO,YES,NO,3041
737,5 Algoma Drive,78,2,2,YES,YES,YES,4563
738,930 Sunnyside Place,177,3,2,YES,NO,NO,6487
739,9 Oakridge Drive,87,1,2,YES,YES,NO,7911
740,7 Coleman Circle,92,2,2,YES,YES,YES,9524
741,54236 Green Court,99,1,2,YES,NO,NO,5095
742,8623 Arkansas Circle,193,1,1,YES,YES,YES,9779
743,6 Barnett Junction,62,1,2,NO,NO,NO,8328
744,3588 Havey Court,49,2,1,YES,YES,NO,9937
745,720 Banding Parkway,120,3,2,YES,YES,NO,8812
746,74851 Oneill Park,116,1,1,YES,NO,NO,4375
747,33045 Esch Trail,162,1,1,YES,NO,NO,4977
748,0 Division Parkway,190,1,2,YES,YES,NO,4204
749,19 Blaine Plaza,62,1,1,YES,NO,NO,8986
750,731 Harper Trail,184,1,1,YES,NO,YES,9003
751,4 Havey Place,144,2,1,YES,YES,YES,7772
752,4 Helena Street,149,2,1,YES,YES,YES,7272
753,871 Warner Street,54,3,1,YES,YES,YES,7674
754,83724 Washington Road,179,2,2,YES,YES,YES,8990
755,31409 Norway Maple Street,163,2,1,YES,NO,YES,1047
756,9 Moose Terrace,157,3,1,YES,YES,YES,8418
757,997 Welch Avenue,101,3,1,YES,NO,YES,9688
758,37084 Messerschmidt Trail,52,3,2,NO,NO,YES,3671
759,7 Warrior Crossing,53,2,2,NO,NO,NO,9654
760,30751 Waywood Lane,187,1,1,YES,YES,YES,1654
761,57 Calypso Place,111,2,2,YES,NO,YES,3295
762,64377 Bluejay Junction,206,1,2,YES,YES,YES,10935
763,353 Lakewood Way,130,1,1,YES,YES,NO,7168
764,147 Fremont Road,186,1,2,YES,NO,YES,205
765,7 Charing Cross Lane,100,3,1,YES,YES,YES,1022
766,77 Dunning Way,60,3,2,YES,YES,YES,2294
767,49 Fallview Lane,141,2,2,YES,NO,YES,2928
768,47 Grasskamp Way,108,3,1,YES,YES,NO,4414
769,0 Golf Junction,165,2,2,YES,YES,NO,7510
770,45175 Dorton Way,54,2,1,YES,YES,NO,10482
771,366 Lien Plaza,71,2,1,YES,NO,NO,8442
772,040 Fallview Trail,188,1,2,YES,YES,NO,9563
773,08619 Sundown Drive,165,2,2,YES,YES,YES,9139
774,6747 Badeau Pass,184,1,1,YES,YES,NO,2365
775,3276 Kensington Hill,48,3,1,NO,YES,NO,9324
776,87440 Amoth Hill,77,1,1,YES,YES,YES,528
777,3989 Independence Drive,145,3,2,YES,NO,YES,3142
778,518 Coleman Point,73,1,1,YES,YES,YES,10985
779,5011 Hoard Plaza,109,1,1,YES,YES,NO,6215
780,1630 West Place,58,1,2,YES,NO,YES,6934
781,94 Macpherson Lane,162,3,1,YES,NO,YES,9627
782,56 Park Meadow Point,64,2,1,YES,YES,NO,6387
783,18 Northridge Crossing,65,1,1,YES,YES,YES,9788
784,4 Charing Cross Parkway,174,1,2,YES,YES,YES,9646
785,67 Katie Crossing,173,2,2,YES,NO,YES,6407
786,41571 Algoma Circle,192,1,2,YES,YES,NO,3948
787,31167 Cascade Road,105,3,2,YES,NO,YES,4542
788,61729 Schlimgen Crossing,115,2,1,YES,YES,NO,9657
789,1 Cody Terrace,198,1,2,YES,YES,NO,9198
790,10955 Delladonna Place,81,3,1,YES,YES,YES,8410
791,59813 Claremont Place,89,1,1,YES,YES,NO,7465
792,74819 Hoepker Alley,187,3,1,YES,YES,YES,8583
793,0042 Dottie Parkway,158,3,1,YES,YES,YES,1159
794,044 Buhler Park,66,3,1,YES,YES,YES,5768
795,047 Stuart Way,139,2,2,YES,YES,NO,4085
796,28414 Stephen Park,189,1,1,YES,NO,YES,4461
797,1 Namekagon Place,47,1,2,NO,NO,NO,9913
798,06917 Killdeer Plaza,169,2,1,YES,NO,NO,9605
799,24 Becker Place,90,1,1,YES,YES,NO,7616
800,69636 Maple Way,161,1,2,YES,NO,NO,7850
801,7 Melrose Court,46,1,2,NO,YES,NO,3944
802,8283 Glendale Trail,146,2,1,YES,NO,NO,4133
803,34202 Rieder Street,167,2,1,YES,YES,YES,4333
804,5 Sycamore Park,135,3,1,YES,YES,NO,5267
805,37 Steensland Drive,108,1,1,YES,YES,YES,1788
806,21 Clove Court,69,2,1,NO,YES,YES,9793
807,285 Magdeline Hill,80,3,1,YES,YES,NO,983
808,5 Melody Point,208,3,2,YES,NO,YES,8561
809,4439 Portage Way,76,1,1,YES,NO,YES,6491
810,597 La Follette Hill,128,1,1,YES,NO,YES,2471
811,44958 Sullivan Junction,130,1,2,YES,YES,YES,1548
812,42412 Bultman Place,49,3,2,YES,YES,NO,6530
813,3 Merrick Trail,187,1,1,YES,NO,YES,2543
814,5 Crowley Point,204,1,2,YES,YES,NO,6561
815,21015 Carpenter Crossing,110,3,2,YES,NO,YES,6646
816,71191 Coolidge Lane,107,2,2,YES,YES,YES,10175
817,59 Morningstar Park,52,2,2,YES,YES,YES,1046
818,82244 Clove Avenue,113,1,1,YES,YES,YES,4450
819,332 Mesta Place,173,1,1,YES,YES,YES,4113
820,3 Riverside Hill,92,2,1,YES,NO,YES,4406
821,6599 Karstens Way,94,2,2,YES,YES,YES,322
822,28710 Hooker Road,138,2,1,YES,YES,YES,1129
823,1698 Summerview Court,142,2,1,YES,YES,YES,7270
824,5618 Redwing Parkway,85,1,1,YES,NO,YES,2050
825,6748 6th Alley,65,2,1,NO,NO,YES,8038
826,19529 Blue Bill Park Street,91,2,2,YES,YES,YES,2754
827,72 Sutteridge Junction,204,3,1,YES,NO,NO,8843
828,827 Pawling Alley,179,3,1,YES,NO,NO,3685
829,8 Luster Center,119,3,1,YES,YES,YES,767
830,3 Manitowish Avenue,183,1,1,YES,NO,YES,2903
831,2701 Pierstorff Trail,204,3,1,YES,YES,YES,2348
832,454 Forest Run Street,169,1,2,YES,YES,NO,7882
833,6267 Birchwood Court,130,2,1,YES,YES,YES,10604
834,5 Hallows Drive,68,3,1,NO,YES,YES,5605
835,902 Fieldstone Road,155,3,2,YES,YES,NO,6708
836,45 Derek Lane,177,1,2,YES,YES,YES,9337
837,41 Rockefeller Park,86,1,1,YES,YES,YES,6131
838,622 Lindbergh Point,80,2,2,YES,YES,YES,3475
839,541 Redwing Parkway,94,3,1,YES,NO,NO,4969
840,7 Manitowish Drive,132,1,2,YES,YES,YES,8097
841,45 Sycamore Drive,91,3,1,YES,NO,YES,1873
842,5 Hoepker Place,185,1,1,YES,NO,YES,5384
843,633 Vahlen Place,90,2,1,YES,YES,YES,7039
844,6125 Maywood Circle,159,2,1,YES,NO,NO,10045
845,616 Burning Wood Drive,56,2,2,YES,YES,NO,5681
846,10 Aberg Way,147,1,2,YES,YES,YES,9696
847,479 Dunning Alley,83,2,2,YES,NO,YES,808
848,86 Bonner Junction,204,2,1,YES,NO,YES,7075
849,8423 Farmco Street,165,2,1,YES,YES,YES,264
850,804 Clove Park,71,2,1,YES,YES,YES,8900
851,5 Pawling Circle,132,3,2,YES,YES,YES,5854
852,1 Westend Park,78,2,2,YES,YES,YES,4314
853,06 Susan Avenue,154,3,1,YES,YES,YES,2922
854,1563 Bobwhite Pass,172,2,1,YES,YES,YES,6699
855,22261 Erie Parkway,81,1,2,YES,YES,YES,8203
856,56151 Mariners Cove Terrace,108,3,2,YES,NO,NO,651
857,028 Onsgard Point,66,1,2,NO,YES,YES,1179
858,401 Rutledge Parkway,116,2,2,YES,NO,YES,7750
859,0358 Kipling Junction,199,2,1,YES,YES,YES,2643
860,51617 Rieder Parkway,91,1,1,YES,NO,NO,2718
861,30625 Buena Vista Park,173,3,1,YES,YES,YES,9256
862,8009 Carberry Drive,207,1,2,YES,YES,YES,3539
863,90736 Doe Crossing Court,146,2,1,YES,YES,NO,9789
864,998 Dorton Court,195,2,2,YES,YES,NO,4589
865,58772 Cardinal Hill,132,2,1,YES,NO,NO,4103
866,9 Pepper Wood Park,196,1,1,YES,NO,YES,5702
867,413 Esker Alley,132,1,1,YES,YES,YES,2787
868,2 Eastlawn Trail,154,3,1,YES,YES,NO,2650
869,98 Sauthoff Crossing,84,3,1,YES,NO,YES,4452
870,52 Amoth Place,177,2,1,YES,YES,NO,1573
871,19 North Pass,181,3,2,YES,NO,YES,4976
872,2 Scott Road,190,2,1,YES,YES,YES,9662
873,408 Buhler Terrace,76,1,1,YES,YES,YES,7708
874,989 Clemons Court,72,3,2,YES,YES,YES,4991
875,7 Dixon Road,71,1,2,YES,NO,YES,3609
876,0 Hudson Road,59,1,1,YES,YES,NO,1482
877,259 High Crossing Drive,71,2,1,YES,YES,YES,4513
878,76910 Towne Crossing,136,2,2,YES,YES,NO,285
879,73221 Cascade Way,126,1,1,YES,NO,NO,339
880,315 Chive Crossing,70,2,1,YES,YES,YES,10512
881,07125 Kings Way,156,1,2,YES,YES,NO,7853
882,837 Hollow Ridge Place,76,3,2,YES,YES,NO,601
883,31 Kipling Way,46,2,1,NO,YES,NO,2802
884,601 Kedzie Junction,116,2,1,YES,YES,NO,4695
885,18 Ludington Center,64,2,2,YES,YES,YES,3456
886,138 Truax Pass,59,2,1,YES,NO,NO,4899
887,0 Barnett Crossing,99,3,1,YES,YES,YES,4214
888,0 Center Trail,152,1,1,YES,NO,NO,3690
889,01 Packers Lane,136,1,2,YES,YES,NO,7544
890,314 Sommers Terrace,102,1,2,YES,YES,YES,4738
891,8756 Clove Junction,108,1,2,YES,NO,YES,9615
892,3 Mosinee Center,92,2,2,YES,NO,NO,5280
893,274 Menomonie Plaza,170,3,2,YES,YES,NO,6493
894,40052 Grasskamp Pass,50,2,2,YES,NO,YES,3886
895,80 Macpherson Circle,184,1,2,YES,NO,YES,2533
896,4 Village Terrace,48,1,2,NO,YES,NO,9492
897,1 Melby Center,131,1,2,YES,YES,YES,8356
898,4 Mifflin Circle,156,1,1,YES,YES,YES,2631
899,5178 Eggendart Junction,189,2,1,YES,NO,NO,6928
900,800 Twin Pines Alley,115,3,1,YES,YES,YES,1612
901,078 Little Fleur Avenue,209,3,2,YES,NO,YES,2965
902,3696 Graedel Place,210,3,1,YES,YES,YES,5239
903,34361 Donald Place,106,2,1,YES,YES,YES,428
904,44974 Old Gate Alley,48,3,2,NO,NO,NO,1304
905,12899 Muir Junction,141,1,1,YES,YES,NO,2926
906,1207 Corscot Trail,108,3,2,YES,YES,YES,9462
907,19425 Surrey Way,91,1,1,YES,YES,NO,2002
908,34740 Springs Hill,126,1,2,YES,NO,YES,3463
909,50 Nevada Alley,48,3,1,NO,YES,NO,10008
910,6797 Sunfield Junction,189,3,1,YES,YES,NO,3106
911,485 Arkansas Place,151,1,1,YES,YES,YES,7281
912,070 Anzinger Pass,126,2,2,YES,YES,YES,1148
913,2 Riverside Avenue,97,2,2,YES,NO,NO,3402
914,3 Heath Drive,62,1,2,YES,NO,YES,2601
915,32 Lighthouse Bay Center,209,2,1,YES,NO,NO,6680
916,2256 Oriole Court,193,2,2,YES,NO,YES,7860
917,25 Hoepker Plaza,161,3,2,YES,NO,YES,4735
918,7 Superior Hill,116,2,1,YES,YES,YES,9038
919,93 Merrick Center,56,1,1,NO,YES,YES,9952
920,1 Shelley Street,73,1,1,YES,YES,YES,3554
921,81045 Sheridan Way,175,1,1,YES,NO,YES,8028
922,640 Hudson Drive,59,3,2,NO,YES,YES,1804
923,82463 Red Cloud Street,119,2,1,YES,NO,YES,10436
924,2663 John Wall Way,72,2,1,YES,NO,NO,10392
925,98220 Goodland Crossing,51,1,2,NO,NO,YES,5711
926,4 Mendota Terrace,164,2,1,YES,YES,YES,3628
927,9 Moose Pass,56,2,1,NO,NO,YES,8336
928,4 Thierer Point,52,2,1,NO,NO,NO,7268
929,36 Warbler Lane,43,3,1,NO,NO,NO,3830
930,0 Ryan Junction,52,1,2,YES,YES,NO,6572
931,53249 Hoard Hill,118,1,1,YES,YES,NO,2900
932,39 Onsgard Trail,205,1,2,YES,YES,NO,403
933,0532 Ryan Crossing,134,3,2,YES,NO,NO,2784
934,16 Katie Center,42,2,2,NO,NO,NO,6793
935,1707 Boyd Way,204,1,1,YES,YES,NO,10026
936,464 2nd Hill,195,3,2,YES,YES,YES,5126
937,67 Roxbury Plaza,110,3,2,YES,YES,YES,4290
938,16 Hudson Crossing,95,3,1,YES,YES,YES,6794
939,1478 Commercial Place,117,2,2,YES,YES,YES,934
940,5 Union Lane,204,2,2,YES,YES,NO,8655
941,221 Hoffman Center,53,2,1,NO,YES,YES,10000
942,092 Paget Way,72,3,2,YES,YES,YES,8783
943,5371 Troy Lane,84,3,1,YES,YES,YES,7091
944,155 Rieder Trail,118,1,2,YES,YES,YES,8107
945,894 Mayfield Alley,197,2,1,YES,YES,YES,993
946,3474 Iowa Circle,101,2,1,YES,YES,YES,6683
947,10407 Bluejay Terrace,190,1,1,YES,YES,YES,5430
948,81 Mcguire Way,177,2,1,YES,YES,NO,3803
949,9155 Portage Point,116,3,2,YES,YES,YES,6268
950,1 Luster Street,110,3,2,YES,YES,YES,2800
951,46 Fordem Place,42,1,2,NO,NO,NO,4947
952,232 Cardinal Crossing,190,2,2,YES,NO,YES,10375
953,35 Fulton Court,90,2,1,YES,YES,YES,4523
954,4772 Stone Corner Parkway,116,2,1,YES,NO,YES,1101
955,121 Kings Plaza,210,3,2,YES,NO,YES,6897
956,382 8th Park,158,2,1,YES,YES,NO,10388
957,2 Delladonna Trail,198,2,1,YES,YES,NO,1308
958,456 La Follette Junction,91,1,1,YES,NO,NO,4117
959,25544 Continental Center,90,3,1,YES,YES,NO,3718
960,89027 Melrose Circle,134,3,2,YES,NO,NO,6010
961,94259 Norway Maple Pass,157,2,1,YES,NO,NO,8881
962,51417 Prairie Rose Lane,53,2,2,YES,NO,YES,6083
963,52545 8th Trail,101,1,1,YES,NO,NO,8781
964,59588 Shelley Court,166,3,2,YES,NO,YES,3149
965,198 Mcbride Park,89,3,1,YES,NO,YES,3717
966,1 Stone Corner Circle,185,1,1,YES,NO,YES,1925
967,4 Randy Lane,150,1,1,YES,YES,YES,5341
968,40180 Prairie Rose Avenue,79,3,1,YES,YES,NO,4060
969,1566 Marcy Park,72,3,2,YES,YES,NO,389
970,97 Summit Point,46,2,1,NO,YES,NO,3357
971,35932 Blaine Pass,149,3,2,YES,YES,NO,6868
972,8139 Luster Hill,167,2,1,YES,YES,YES,9177
973,9 Knutson Park,110,2,2,YES,YES,YES,10263
974,8 Canary Avenue,101,2,2,YES,YES,NO,10238
975,859 Kingsford Terrace,153,2,1,YES,YES,NO,1550
976,29927 Crownhardt Crossing,97,3,1,YES,NO,NO,6115
977,8 Onsgard Court,182,2,1,YES,YES,NO,3788
978,3145 Bashford Point,134,3,2,YES,YES,YES,7202
979,2 Waywood Lane,125,1,1,YES,YES,YES,8221
980,029 Lotheville Park,187,3,2,YES,NO,YES,4787
981,75 Cherokee Alley,77,3,1,YES,YES,NO,1234
982,41 Kings Hill,124,2,2,YES,NO,YES,3935
983,5 Anzinger Trail,61,3,1,NO,YES,NO,2732
984,7 Hovde Terrace,106,2,1,YES,YES,YES,10138
985,9324 Browning Alley,198,2,2,YES,YES,NO,568
986,739 Paget Court,59,3,1,NO,NO,NO,4015
987,7302 Golf View Pass,210,1,2,YES,NO,YES,10313
988,92393 Waubesa Point,141,3,2,YES,YES,YES,1382
989,7871 Kingsford Way,73,2,1,YES,YES,NO,10604
990,61911 Jana Lane,96,2,1,YES,NO,YES,913
991,60 Stang Way,197,3,1,YES,YES,NO,4560
992,62191 Merrick Pass,145,3,1,YES,YES,YES,4215
993,7 Commercial Alley,171,2,1,YES,NO,YES,5316
994,365 Summer Ridge Park,46,2,1,NO,NO,NO,6481
995,98 Oak Valley Pass,96,1,1,YES,NO,YES,8226
996,24 Mockingbird Court,188,1,2,YES,YES,YES,6977
997,435 New Castle Point,90,1,2,YES,YES,YES,3338
998,02170 Hermina Court,152,2,1,YES,YES,NO,8785
999,4064 Alpine Parkway,142,3,1,YES,YES,NO,10305
1000,97 Eastwood Way,190,2,2,YES,YES,NO,9227
1001,97 Knutson Crossing,43,2,2,NO,NO,NO,7018
1002,9 Dixon Pass,120,3,2,YES,YES,YES,3443
1003,707 Spohn Parkway,97,2,1,YES,YES,NO,7821
1004,49368 Northview Alley,70,1,1,YES,YES,NO,4446
1005,59 Evergreen Point,87,3,2,YES,YES,YES,7928
1006,0406 Jay Lane,178,2,2,YES,YES,YES,3047
1007,20964 Norway Maple Lane,186,1,1,YES,YES,YES,9497
1008,4 Harbort Alley,197,1,2,YES,NO,YES,9226
1009,52 Manufacturers Alley,121,2,2,YES,YES,YES,4206
1010,10511 Hoffman Terrace,40,2,2,NO,NO,NO,7202
1011,917 Thierer Street,117,3,2,YES,YES,NO,7408
1012,71050 Moose Park,152,2,2,YES,YES,YES,3953
1013,3 Lien Point,84,3,2,YES,NO,YES,1993
1014,33614 Golf View Hill,74,1,1,YES,YES,YES,9224
1015,109 Dakota Circle,58,1,2,NO,NO,NO,6040
1016,0 Rusk Parkway,61,2,2,NO,YES,YES,4461
1017,40874 Debra Court,98,3,2,YES,YES,YES,6004
1018,91 Sunfield Center,139,3,2,YES,YES,NO,1956
1019,39528 Stoughton Plaza,66,3,1,NO,NO,YES,7783
1020,0 Westport Park,160,2,1,YES,YES,YES,7819
1021,834 Manufacturers Circle,40,1,2,NO,NO,NO,1523
1022,3289 Gateway Lane,100,3,1,YES,YES,YES,1027
1023,45002 Village Green Drive,187,2,1,YES,YES,YES,6172
1024,99894 Calypso Alley,166,1,2,YES,YES,NO,9820
1025,2 Scoville Parkway,122,2,2,YES,NO,YES,7944
1026,3281 Namekagon Terrace,40,1,2,NO,YES,NO,4331
1027,21811 Garrison Street,96,3,1,YES,NO,YES,10682
1028,50999 Ruskin Circle,200,3,2,YES,NO,YES,5151
1029,88 Tomscot Hill,176,3,1,YES,NO,YES,9942
1030,98 Drewry Pass,88,3,1,YES,NO,NO,7996
1031,70 Grayhawk Road,180,1,1,YES,YES,YES,1231
1032,3154 Wayridge Alley,64,3,2,YES,YES,YES,8972
1033,8786 Marcy Circle,90,2,2,YES,NO,YES,9973
1034,10 Fair Oaks Court,98,3,2,YES,YES,YES,7616
1035,6 Brown Road,77,1,1,YES,NO,YES,1845
1036,679 Prairie Rose Place,81,2,2,YES,YES,NO,5125
1037,986 Vidon Drive,93,3,2,YES,YES,NO,2846
1038,1661 Arrowood Avenue,117,1,2,YES,YES,YES,4875
1039,4057 Meadow Vale Circle,153,3,1,YES,YES,YES,7608
1040,9 Sunnyside Place,56,1,2,NO,YES,NO,9528
1041,767 Di Loreto Parkway,68,2,2,NO,YES,YES,6137
1042,1 Coolidge Terrace,209,3,2,YES,YES,NO,6250
1043,4 Cardinal Circle,150,2,1,YES,YES,NO,274
1044,215 Magdeline Terrace,154,2,1,YES,YES,YES,1666
1045,7 Oakridge Trail,189,2,1,YES,YES,NO,4656
1046,36404 John Wall Plaza,201,1,1,YES,NO,YES,4143
1047,46296 Anniversary Way,152,1,2,YES,NO,YES,6765
1048,197 Packers Park,207,3,2,YES,YES,YES,6026
1049,56932 Annamark Park,176,1,2,YES,YES,YES,7370
1050,47 Melby Pass,88,2,2,YES,YES,YES,7224
1051,945 Linden Avenue,85,2,2,YES,YES,NO,10048
1052,493 Elgar Park,41,3,1,NO,NO,NO,10629
1053,6689 Nancy Place,86,1,1,YES,NO,YES,2209
1054,98912 Texas Road,197,2,2,YES,YES,NO,1246
1055,742 Ryan Trail,150,3,2,YES,YES,YES,9084
1056,11753 Moland Alley,86,3,2,YES,YES,YES,5772
1057,7673 Talmadge Point,41,2,2,NO,NO,NO,6449
1058,89384 Eggendart Alley,105,2,2,YES,YES,YES,5989
1059,5 Clove Way,208,1,1,YES,YES,YES,7001
1060,75306 Elgar Place,113,1,2,YES,YES,NO,2459
1061,823 Maple Wood Court,47,3,1,NO,YES,NO,3072
1062,369 Forest Dale Way,130,2,1,YES,YES,YES,5458
1063,32 Karstens Plaza,98,2,1,YES,YES,YES,8622
1064,42725 Fremont Way,123,2,2,YES,NO,NO,10241
1065,49619 Melvin Road,90,3,2,YES,NO,YES,9798
1066,7 Redwing Street,198,1,1,YES,NO,YES,8129
1067,746 Scoville Terrace,110,3,2,YES,YES,YES,4405
1068,59072 East Parkway,71,2,2,YES,NO,YES,6338
1069,92 Havey Hill,82,3,2,YES,YES,YES,6409
1070,3091 Erie Court,50,3,1,NO,YES,NO,3666
1071,00025 Iowa Court,190,3,1,YES,YES,YES,27
1072,4 Macpherson Parkway,87,1,2,YES,YES,YES,6151
1073,6441 Shopko Hill,159,3,2,YES,YES,YES,9612
1074,95 Little Fleur Parkway,174,1,1,YES,YES,NO,9680
1075,2 Menomonie Center,151,2,2,YES,YES,YES,3732
1076,5736 Brickson Park Place,172,3,1,YES,YES,YES,6437
1077,7735 Elmside Plaza,95,1,1,YES,NO,YES,10866
1078,68423 Lindbergh Alley,180,1,2,YES,NO,NO,6390
1079,4 Hooker Junction,138,3,2,YES,NO,NO,8716
1080,29948 Northridge Hill,101,2,1,YES,YES,YES,5440
1081,109 Sutherland Park,48,1,1,NO,NO,NO,3844
1082,211 Debs Road,96,3,2,YES,YES,YES,6776
1083,368 Anzinger Plaza,108,3,1,YES,YES,NO,457
1084,9 Grover Place,190,2,1,YES,YES,NO,4422
1085,04 Ilene Center,159,3,2,YES,YES,NO,3985
1086,0805 Sunnyside Center,146,3,1,YES,YES,YES,10834
1087,70 Anthes Pass,140,3,2,YES,YES,NO,5385
1088,42 Cambridge Court,94,2,1,YES,NO,YES,9997
1089,97938 Canary Avenue,67,1,1,YES,NO,YES,2855
1090,44 Pierstorff Junction,208,3,1,YES,YES,YES,10013
1091,2 Farragut Place,73,3,2,YES,YES,NO,5518
1092,9 Kenwood Pass,101,3,1,YES,YES,YES,8819
1093,3 Texas Drive,57,1,2,YES,NO,NO,4781
1094,135 Bartelt Circle,144,2,1,YES,YES,YES,2395
1095,0961 2nd Crossing,129,1,2,YES,YES,NO,3205
1096,7098 Eastwood Drive,166,1,1,YES,YES,YES,632
1097,3 Porter Parkway,194,3,2,YES,NO,NO,5323
1098,37656 Sauthoff Alley,164,3,2,YES,YES,YES,6324
1099,78 Monument Court,66,1,2,YES,YES,NO,8512
1100,5981 Pleasure Court,76,2,1,YES,YES,YES,2972
1101,10 Cambridge Way,73,2,2,YES,YES,YES,10951
1102,190 Cordelia Junction,96,3,2,YES,YES,YES,7941
1103,38529 Canary Trail,151,2,1,YES,YES,NO,10072
1104,5 Killdeer Road,74,1,1,YES,YES,NO,2735
1105,26509 Mendota Road,82,2,2,YES,YES,YES,2996
1106,88 Blaine Street,201,1,1,YES,YES,YES,5819
1107,1 Truax Circle,46,1,1,YES,NO,NO,2662
1108,207 Sherman Parkway,64,1,1,NO,NO,YES,3525
1109,4 Mesta Pass,157,3,2,YES,YES,NO,9309
1110,12037 Karstens Drive,127,3,1,YES,YES,YES,468
1111,23454 Thackeray Way,112,1,2,YES,NO,NO,2510
1112,9082 Steensland Circle,146,2,1,YES,NO,YES,2915
1113,1 Warrior Center,117,3,2,YES,YES,NO,9146
1114,4 Sunnyside Road,200,3,1,YES,NO,YES,5481
1115,884 Main Parkway,203,3,2,YES,YES,YES,3368
1116,5 Eastwood Way,44,1,2,NO,NO,NO,429
1117,57 Fair Oaks Drive,118,2,2,YES,YES,YES,2196
1118,1 Lyons Avenue,115,2,2,YES,YES,NO,2472
1119,01 High Crossing Parkway,83,3,1,YES,YES,NO,6592
1120,0123 Forest Run Way,201,2,1,YES,NO,YES,2284
1121,6 Prentice Circle,203,3,2,YES,NO,YES,10576
1122,4045 Hollow Ridge Drive,101,2,2,YES,YES,NO,7498
1123,51 West Crossing,153,1,1,YES,YES,YES,3934
1124,18 Melrose Drive,203,2,2,YES,YES,YES,4876
1125,574 Barnett Place,133,1,2,YES,NO,YES,10345
1126,9848 Tony Pass,139,1,2,YES,NO,YES,2615
1127,01 Dryden Terrace,111,2,1,YES,YES,NO,8997
1128,280 Schmedeman Terrace,171,2,2,YES,NO,YES,5070
1129,534 Manitowish Circle,47,2,1,NO,NO,NO,2571
1130,10258 Scott Park,151,3,1,YES,YES,YES,9965
1131,80 Hoard Drive,118,1,2,YES,YES,YES,1128
1132,030 Merrick Drive,111,2,2,YES,YES,YES,4589
1133,167 Drewry Crossing,185,3,1,YES,YES,YES,9155
1134,5 Myrtle Hill,87,3,2,YES,YES,YES,1798
1135,146 Evergreen Court,90,1,1,YES,YES,NO,6269
1136,92062 Eggendart Drive,113,2,2,YES,NO,YES,8092
1137,950 Stang Court,166,2,2,YES,NO,YES,8043
1138,1023 High Crossing Drive,146,3,1,YES,YES,YES,10904
1139,8340 Caliangt Pass,44,1,1,NO,YES,NO,8714
1140,22 Declaration Trail,98,1,1,YES,NO,NO,10666
1141,121 Steensland Crossing,129,2,2,YES,NO,YES,572
1142,5732 Lien Point,207,1,1,YES,NO,NO,4417
1143,1 Anthes Way,52,1,2,NO,YES,NO,7510
1144,42303 Jay Terrace,149,2,1,YES,YES,YES,2806
1145,3133 Chinook Terrace,119,3,2,YES,YES,NO,9517
1146,16306 Derek Terrace,173,3,1,YES,YES,YES,8692
1147,886 Cambridge Terrace,95,1,1,YES,YES,YES,6912
1148,76264 Utah Park,47,3,1,NO,NO,NO,10686
1149,0 Reindahl Junction,182,1,1,YES,YES,NO,7619
1150,0846 Hallows Parkway,174,1,1,YES,YES,NO,7210
1151,7 Merchant Trail,43,2,1,YES,YES,NO,5538
1152,40 Dwight Parkway,175,1,1,YES,YES,NO,6329
1153,477 Luster Street,90,3,2,YES,NO,YES,8713
1154,47729 Claremont Park,207,1,2,YES,NO,NO,9228
1155,07 Tennessee Parkway,188,2,2,YES,NO,YES,8190
1156,63794 Caliangt Point,60,3,1,NO,NO,YES,10575
1157,11889 Grasskamp Point,108,2,2,YES,YES,YES,6899
1158,10640 Dawn Crossing,194,2,2,YES,NO,YES,10091
1159,4 Twin Pines Court,100,1,1,YES,YES,NO,4416
1160,92478 Straubel Plaza,179,3,2,YES,YES,YES,4829
1161,7 Forster Center,174,2,2,YES,YES,YES,2668
1162,6 Gale Junction,62,1,1,YES,YES,YES,7560
1163,47 Bellgrove Plaza,178,2,2,YES,YES,NO,10734
1164,8 Debs Junction,189,3,1,YES,NO,NO,2546
1165,4578 Valley Edge Street,98,3,2,YES,YES,YES,4655
1166,9 Esch Hill,59,1,1,NO,YES,NO,10477
1167,46 Briar Crest Parkway,112,2,1,YES,YES,NO,8922
1168,09 Atwood Pass,174,3,1,YES,YES,YES,8502
1169,6 Bultman Hill,173,2,1,YES,YES,YES,5337
1170,912 Thackeray Drive,131,2,1,YES,NO,YES,7465
1171,47 Donald Junction,187,2,2,YES,NO,YES,8558
1172,9 Erie Alley,159,3,1,YES,NO,YES,3526
1173,34 Eliot Pass,44,1,2,YES,YES,NO,8615
1174,366 Aberg Court,199,2,2,YES,NO,NO,1718
1175,73 Commercial Junction,80,2,1,YES,YES,NO,3111
1176,439 Sundown Crossing,95,3,1,YES,YES,NO,8808
1177,96298 Continental Hill,90,3,1,YES,YES,NO,6410
1178,8 Scofield Terrace,124,2,1,YES,YES,YES,2653
1179,612 Clarendon Alley,179,3,2,YES,NO,YES,4743
1180,28130 Charing Cross Avenue,149,3,2,YES,YES,YES,10188
1181,354 Stephen Plaza,67,1,1,YES,YES,NO,9274
1182,28 Pearson Drive,61,3,2,NO,YES,NO,8126
1183,4323 Larry Place,60,3,2,NO,NO,NO,7108
1184,7892 Derek Street,117,1,2,YES,YES,YES,2294
1185,33825 Hoepker Road,187,2,1,YES,NO,YES,3293
1186,3 1st Terrace,53,2,1,YES,NO,YES,9555
1187,7882 Pennsylvania Park,109,3,2,YES,YES,NO,4199
1188,8 Dunning Court,49,3,2,NO,YES,NO,2791
1189,38 Almo Alley,191,1,1,YES,YES,YES,10607
1190,302 Clarendon Circle,114,1,2,YES,NO,YES,1906
1191,45708 Boyd Avenue,185,1,2,YES,NO,YES,2697
1192,77 Marcy Place,172,3,2,YES,NO,YES,8291
1193,0611 Macpherson Plaza,161,3,1,YES,YES,NO,5102
1194,98 Algoma Place,168,3,2,YES,NO,YES,3722
1195,70968 Kim Terrace,142,3,1,YES,YES,YES,2055
1196,182 David Alley,72,3,2,YES,YES,YES,998
1197,110 Mifflin Alley,194,3,1,YES,YES,YES,804
1198,81 Garrison Drive,155,3,2,YES,YES,YES,1464
1199,87714 Milwaukee Point,120,1,1,YES,YES,NO,10728
1200,6828 Luster Point,61,1,1,NO,YES,YES,2322
1201,134 Scoville Pass,55,1,2,NO,YES,NO,6796
1202,6 Dahle Street,108,1,2,YES,NO,NO,6700
1203,1 School Point,48,2,2,YES,YES,NO,2620
1204,97913 Warbler Center,116,1,1,YES,YES,YES,8345
1205,1 Lillian Park,164,3,1,YES,YES,YES,2188
1206,0176 Clemons Park,66,3,1,NO,NO,YES,3170
1207,93 Mcguire Terrace,191,1,2,YES,YES,NO,1603
1208,2 Reindahl Center,184,3,2,YES,YES,NO,8624
1209,2166 Arrowood Lane,174,3,2,YES,NO,NO,8923
1210,3 Badeau Pass,101,3,2,YES,YES,NO,4447
1211,4000 Dottie Place,184,2,2,YES,YES,NO,439
1212,58 Fieldstone Plaza,209,1,2,YES,YES,NO,8233
1213,80 Gale Junction,69,1,2,NO,NO,NO,7194
1214,742 Packers Terrace,69,3,1,YES,YES,YES,10817
1215,286 Derek Avenue,190,3,2,YES,YES,YES,8612
1216,0825 Kennedy Way,112,2,2,YES,YES,YES,3002
1217,77 Packers Point,73,2,1,YES,NO,NO,6453
1218,4327 Menomonie Place,151,1,2,YES,YES,NO,2352
1219,9567 Thierer Terrace,55,2,1,YES,NO,YES,3558
1220,83509 Coolidge Street,108,1,1,YES,YES,NO,5547
1221,348 7th Alley,188,2,2,YES,NO,YES,9012
1222,8 Clarendon Place,123,1,2,YES,YES,YES,10006
1223,73076 Cottonwood Plaza,74,1,2,YES,YES,NO,5995
1224,11977 Nevada Road,145,3,1,YES,YES,YES,3031
1225,84 Hazelcrest Alley,98,2,2,YES,YES,YES,6702
1226,64 Jana Trail,73,2,1,YES,YES,YES,1923
1227,37260 Luster Drive,63,2,1,YES,NO,NO,9415
1228,1 Waxwing Avenue,45,3,2,NO,NO,NO,5248
1229,99 3rd Park,69,3,1,NO,YES,YES,1976
1230,103 Hoard Plaza,183,3,2,YES,YES,YES,5260
1231,4753 Clemons Place,200,1,2,YES,YES,YES,8012
1232,258 Acker Street,104,3,2,YES,YES,YES,9038
1233,10 Debra Court,83,3,2,YES,YES,YES,7681
1234,33 Twin Pines Point,195,2,1,YES,NO,YES,3322
1235,92 Kipling Pass,40,1,1,NO,YES,NO,10751
1236,2 Carey Park,196,2,2,YES,YES,YES,6668
1237,10488 American Avenue,104,1,2,YES,YES,YES,9863
1238,372 Moose Park,64,3,2,YES,NO,YES,379
1239,732 Waubesa Way,90,3,2,YES,NO,NO,9327
1240,7647 Knutson Pass,105,1,1,YES,YES,YES,2750
1241,863 Golf Course Crossing,91,1,1,YES,NO,NO,3406
1242,89 Lillian Circle,176,1,1,YES,YES,YES,6754
1243,90 Londonderry Pass,126,3,2,YES,NO,YES,578
1244,20837 Green Ridge Center,185,1,1,YES,YES,YES,6069
1245,83 Elgar Pass,158,1,1,YES,YES,NO,594
1246,91 Dwight Avenue,126,3,1,YES,YES,YES,8737
1247,56259 Comanche Park,146,1,1,YES,YES,NO,9223
1248,0 Almo Circle,199,1,1,YES,YES,NO,8848
1249,58774 Maywood Center,168,1,2,YES,YES,YES,10723
1250,04399 Walton Lane,121,1,2,YES,NO,NO,9240
1251,81274 Raven Place,156,2,2,YES,NO,YES,9058
1252,8 Warrior Circle,46,2,1,YES,YES,NO,2358
1253,33908 Texas Drive,77,2,1,YES,YES,NO,5039
1254,40437 Loftsgordon Alley,75,1,1,YES,YES,NO,7113
1255,00041 Mifflin Hill,94,1,1,YES,NO,NO,2808
1256,4 Westerfield Crossing,208,1,1,YES,NO,YES,1833
1257,70471 Vidon Lane,144,3,1,YES,YES,YES,3255
1258,1 Loftsgordon Court,166,3,2,YES,YES,NO,5899
1259,9378 Florence Terrace,132,1,2,YES,YES,YES,2664
1260,98870 Little Fleur Trail,53,1,2,YES,NO,NO,6814
1261,95367 Comanche Pass,87,3,1,YES,YES,YES,10470
1262,323 Carpenter Parkway,170,1,1,YES,YES,YES,2920
1263,4 Meadow Ridge Point,68,2,1,NO,YES,YES,2586
1264,900 Carpenter Drive,143,3,1,YES,NO,NO,4388
1265,9 Coolidge Plaza,76,3,1,YES,YES,NO,9938
1266,84 Lakewood Terrace,114,2,2,YES,YES,YES,7720
1267,597 Coleman Court,122,1,2,YES,YES,YES,9651
1268,225 Badeau Circle,209,1,1,YES,YES,YES,2040
1269,692 Anhalt Parkway,151,3,1,YES,NO,YES,2416
1270,6 Bartelt Crossing,162,2,2,YES,NO,YES,3333
1271,97 Village Green Junction,177,3,2,YES,YES,YES,5309
1272,1 Northwestern Place,123,3,1,YES,NO,NO,2251
1273,717 Center Terrace,153,1,2,YES,NO,NO,8045
1274,21841 Scott Parkway,162,2,2,YES,YES,YES,637
1275,37 Oakridge Street,126,2,2,YES,YES,YES,1839
1276,0 Rigney Park,120,1,1,YES,YES,YES,9630
1277,80923 Parkside Junction,196,1,1,YES,YES,NO,5992
1278,710 Nancy Park,135,1,1,YES,YES,YES,10536
1279,44273 Steensland Drive,122,1,1,YES,YES,YES,6241
1280,6364 Merchant Trail,170,2,2,YES,YES,YES,104
1281,4760 Spohn Way,140,1,2,YES,YES,NO,455
1282,295 La Follette Park,82,1,1,YES,YES,NO,10865
1283,88 Ramsey Trail,165,3,2,YES,YES,NO,9771
1284,0083 Schiller Circle,123,1,1,YES,YES,NO,4467
1285,2 Fallview Avenue,89,2,1,YES,YES,NO,9067
1286,6 4th Court,89,1,2,YES,YES,NO,8462
1287,259 Randy Plaza,185,2,1,YES,YES,YES,10340
1288,8 South Junction,76,3,1,YES,YES,YES,3105
1289,9 Jenifer Circle,189,2,2,YES,YES,NO,4045
1290,36 Nelson Alley,189,2,1,YES,YES,YES,4774
1291,06698 Esker Alley,149,3,2,YES,YES,YES,9802
1292,9 Hermina Plaza,152,3,2,YES,YES,YES,3703
1293,96674 Porter Trail,167,1,1,YES,YES,YES,5700
1294,12755 Waubesa Alley,169,1,1,YES,YES,YES,10160
1295,1 Dorton Avenue,156,2,2,YES,YES,YES,10299
1296,38 Everett Parkway,110,1,2,YES,NO,NO,10969
1297,16485 Moulton Way,189,2,2,YES,YES,YES,4243
1298,68141 Merry Way,169,1,2,YES,YES,YES,338
1299,446 Red Cloud Circle,76,2,2,YES,YES,NO,10493
1300,9118 Rigney Terrace,161,3,1,YES,YES,YES,8698
1301,4341 Glendale Park,168,3,2,YES,NO,YES,4295
1302,00 Arizona Trail,42,3,2,NO,YES,NO,6894
1303,0 Swallow Way,149,3,2,YES,NO,YES,375
1304,2439 Kings Crossing,100,2,1,YES,YES,YES,6950
1305,4 Sheridan Junction,173,3,1,YES,YES,YES,1436
1306,43035 Debs Way,69,3,1,YES,YES,YES,10695
1307,9 Gale Way,92,1,2,YES,YES,YES,762
1308,52289 Tomscot Alley,115,2,1,YES,NO,NO,9291
1309,386 Dottie Court,148,2,1,YES,YES,YES,214
1310,4 Buhler Street,81,2,1,YES,YES,YES,6017
1311,166 Bellgrove Place,173,3,2,YES,YES,YES,636
1312,3 Golden Leaf Drive,89,2,2,YES,YES,YES,4237
1313,10942 Russell Trail,164,2,1,YES,YES,NO,1829
1314,46478 East Point,147,3,2,YES,YES,YES,5411
1315,09695 Fairfield Pass,201,1,2,YES,NO,NO,9427
1316,50959 Mariners Cove Point,135,2,1,YES,YES,YES,2253
1317,4 John Wall Parkway,111,3,1,YES,NO,YES,9119
1318,25 Mendota Hill,70,3,2,YES,YES,YES,9160
1319,744 Rigney Junction,143,3,1,YES,NO,NO,4556
1320,185 Sunnyside Crossing,105,2,2,YES,NO,YES,5391
1321,155 Mosinee Junction,203,1,1,YES,YES,NO,6980
1322,14 Ludington Parkway,164,2,2,YES,NO,YES,2217
1323,780 Vidon Plaza,174,2,2,YES,YES,NO,6229
1324,80 East Terrace,99,3,1,YES,YES,YES,9421
1325,1778 Atwood Point,199,1,1,YES,NO,NO,3173
1326,990 Amoth Terrace,146,2,2,YES,YES,YES,8055
1327,1149 Pawling Alley,55,2,2,YES,NO,YES,2564
1328,62522 Morrow Center,91,2,1,YES,YES,NO,1342
1329,3 Clyde Gallagher Park,197,2,2,YES,NO,NO,7374
1330,4183 Springview Court,86,1,1,YES,NO,YES,9354
1331,20641 Susan Way,107,2,2,YES,NO,YES,4788
1332,97915 Heffernan Terrace,44,3,2,NO,YES,NO,3890
1333,3 Farmco Alley,165,1,1,YES,YES,YES,6697
1334,9506 Manufacturers Circle,161,1,1,YES,YES,NO,2453
1335,9 Ilene Terrace,168,2,1,YES,YES,YES,65
1336,261 Lotheville Point,111,2,1,YES,YES,YES,10478
1337,59 Florence Terrace,169,1,1,YES,YES,NO,10773
1338,6845 Iowa Street,128,1,1,YES,YES,NO,2554
1339,10 Florence Place,46,1,1,YES,YES,NO,10469
1340,7 Carey Crossing,83,2,2,YES,YES,NO,907
1341,96 Montana Way,158,3,2,YES,YES,YES,2654
1342,67 Almo Avenue,54,3,1,YES,YES,YES,3289
1343,8 Hoffman Drive,153,1,2,YES,YES,YES,6362
1344,71580 Stang Hill,152,3,2,YES,NO,NO,5213
1345,104 Derek Park,52,1,1,YES,NO,NO,10867
1346,65 Norway Maple Crossing,105,2,2,YES,NO,NO,3438
1347,0 Bay Crossing,175,3,1,YES,YES,NO,3969
1348,210 Summer Ridge Point,180,3,1,YES,NO,YES,3101
1349,4025 Graedel Crossing,89,1,2,YES,NO,NO,10837
1350,73 Mallory Junction,117,3,2,YES,YES,YES,7645
1351,3 Evergreen Junction,63,1,1,YES,YES,YES,10846
1352,2 Vahlen Way,180,2,2,YES,YES,YES,8795
1353,35254 La Follette Street,158,2,1,YES,YES,NO,6839
1354,70 Magdeline Lane,48,3,1,NO,NO,NO,10598
1355,559 Roth Point,46,2,2,YES,YES,NO,8639
1356,2551 Golden Leaf Junction,59,3,2,YES,NO,YES,9455
1357,395 Mayer Avenue,144,3,2,YES,YES,YES,10427
1358,6485 Thompson Center,58,1,2,YES,YES,NO,5400
1359,69 Harbort Center,80,3,2,YES,YES,YES,6237
1360,95967 Oneill Center,193,2,2,YES,YES,NO,7586
1361,932 Steensland Drive,171,1,1,YES,NO,YES,7817
1362,4 Meadow Ridge Road,101,2,2,YES,NO,NO,3942
1363,579 Troy Crossing,61,3,2,YES,YES,NO,4564
1364,91362 Harbort Court,139,1,1,YES,YES,YES,8532
1365,0 High Crossing Street,162,3,2,YES,NO,YES,3430
1366,6 Thierer Terrace,138,2,1,YES,YES,NO,3100
1367,0132 4th Alley,49,3,1,YES,NO,NO,7379
1368,94006 Kim Crossing,136,1,1,YES,YES,YES,5331
1369,7832 Eastlawn Avenue,107,3,2,YES,YES,NO,2644
1370,2830 American Ash Plaza,59,2,2,NO,YES,YES,7949
1371,4 South Trail,85,1,2,YES,YES,YES,8605
1372,886 Northridge Alley,48,1,2,NO,NO,NO,8893
1373,0786 Lotheville Crossing,69,1,1,NO,YES,YES,714
1374,5 Shopko Place,75,1,2,YES,YES,NO,1762
1375,293 Hudson Pass,172,2,2,YES,YES,YES,5884
1376,3 Colorado Street,197,2,2,YES,NO,YES,4076
1377,39 Bowman Point,127,1,1,YES,YES,YES,8560
1378,4160 Carioca Circle,103,1,1,YES,YES,YES,3339
1379,772 Kennedy Avenue,161,2,2,YES,NO,YES,7921
1380,4121 Nova Trail,166,2,2,YES,YES,YES,3999
1381,53 Porter Court,179,2,1,YES,YES,YES,8484
1382,96742 Sloan Pass,55,3,1,YES,YES,YES,6469
1383,16 Maywood Plaza,57,3,1,NO,NO,NO,3073
1384,70 Stuart Park,131,3,1,YES,YES,YES,10077
1385,4365 Dunning Park,144,1,1,YES,YES,YES,7251
1386,95 Melvin Trail,172,3,2,YES,YES,NO,8969
1387,61148 Sunfield Pass,41,1,1,NO,NO,NO,8846
1388,5 Carey Parkway,92,1,2,YES,YES,YES,1422
1389,552 Melody Avenue,195,3,2,YES,YES,NO,3928
1390,0304 Sauthoff Center,129,2,1,YES,NO,YES,2042
1391,138 Kim Hill,60,1,1,YES,NO,YES,642
1392,2 Pankratz Plaza,198,1,1,YES,YES,YES,2779
1393,73556 Dwight Plaza,96,2,1,YES,YES,YES,3129
1394,248 Washington Terrace,163,3,2,YES,YES,YES,8929
1395,22 Division Circle,203,1,2,YES,YES,NO,8646
1396,0 Melvin Point,68,1,2,YES,YES,NO,9984
1397,12 Reindahl Way,150,3,1,YES,NO,YES,7486
1398,4371 Lakewood Terrace,196,1,2,YES,NO,YES,5927
1399,1642 Village Lane,88,1,2,YES,YES,YES,2563
1400,56798 Fremont Crossing,77,1,2,YES,NO,NO,5663
1401,7 Hazelcrest Park,202,2,1,YES,YES,YES,3540
1402,1897 Reindahl Junction,125,1,2,YES,NO,YES,9303
1403,2012 Fieldstone Center,128,1,2,YES,NO,YES,2835
1404,4755 Myrtle Way,44,3,1,NO,YES,NO,5033
1405,9 Waubesa Plaza,133,3,2,YES,NO,NO,532
1406,3690 Amoth Point,187,3,1,YES,YES,NO,9461
1407,71109 Golf Center,138,1,1,YES,YES,NO,6251
1408,9656 Forest Run Center,145,3,2,YES,YES,YES,10211
1409,1021 Mariners Cove Avenue,65,2,1,NO,YES,NO,8617
1410,170 Declaration Junction,128,2,2,YES,YES,YES,10406
1411,14 Jenna Lane,139,3,2,YES,NO,YES,6193
1412,37 Fairview Court,61,2,2,YES,YES,YES,4560
1413,174 Elka Center,198,1,2,YES,YES,NO,10941
1414,28245 Moland Hill,142,2,2,YES,NO,YES,495
1415,39 Lerdahl Trail,154,1,1,YES,YES,YES,9187
1416,5268 Loeprich Road,116,2,2,YES,NO,YES,881
1417,9600 Manufacturers Center,157,3,2,YES,YES,NO,1892
1418,3777 Messerschmidt Junction,127,2,1,YES,YES,NO,4345
1419,8 Independence Pass,49,1,1,NO,NO,NO,3564
1420,5 7th Point,127,3,2,YES,YES,YES,2837
1421,52 Golf Course Plaza,192,2,1,YES,YES,NO,9358
1422,76258 Coleman Drive,198,2,2,YES,YES,NO,1306
1423,79 Corben Plaza,138,3,1,YES,YES,YES,5561
1424,95306 Bunting Plaza,108,2,1,YES,YES,YES,3217
1425,50 Rowland Place,103,3,2,YES,NO,NO,4836
1426,5373 Lindbergh Alley,193,3,2,YES,YES,YES,8788
1427,96 Helena Crossing,100,3,1,YES,YES,YES,9522
1428,18 Sage Crossing,92,3,2,YES,NO,YES,8287
1429,71 Briar Crest Trail,182,3,2,YES,YES,YES,6076
1430,751 Derek Alley,158,3,2,YES,NO,YES,8637
1431,4156 Caliangt Plaza,175,1,1,YES,YES,NO,3791
1432,5 Lotheville Trail,162,3,1,YES,NO,YES,815
1433,1791 Anniversary Circle,122,1,1,YES,NO,YES,9050
1434,6291 Pearson Park,149,2,1,YES,YES,YES,132
1435,42575 Lakeland Point,142,3,1,YES,NO,YES,2557
1436,60382 2nd Center,198,3,1,YES,YES,YES,10314
1437,7 Nelson Center,164,2,2,YES,NO,YES,7458
1438,4 Warbler Alley,156,1,1,YES,NO,YES,5609
1439,49 Cherokee Street,112,3,1,YES,YES,NO,741
1440,997 Schurz Drive,47,2,1,YES,YES,NO,2248
1441,575 Hauk Center,56,2,1,NO,YES,NO,2334
1442,386 Moland Road,44,3,2,NO,YES,NO,2767
1443,89 East Hill,126,3,1,YES,YES,NO,871
1444,9 Eagle Crest Terrace,104,1,2,YES,YES,NO,7653
1445,4 Corry Plaza,67,2,1,NO,NO,YES,3148
1446,185 Algoma Place,48,1,2,YES,NO,NO,7329
1447,8857 Summit Hill,163,1,2,YES,YES,YES,4174
1448,53330 Derek Avenue,136,3,2,YES,YES,YES,7205
1449,545 Gulseth Court,184,1,1,YES,YES,YES,6910
1450,12731 Arapahoe Road,81,3,1,YES,YES,NO,8413
1451,12 John Wall Court,161,2,1,YES,YES,NO,8623
1452,390 Derek Avenue,83,1,2,YES,NO,YES,1325
1453,8 Portage Junction,89,3,1,YES,YES,YES,4189
1454,522 Clove Court,81,2,1,YES,NO,YES,9606
1455,27 Scott Way,202,2,2,YES,YES,NO,2269
1456,257 Buell Avenue,149,1,2,YES,NO,NO,9016
1457,87713 Sage Circle,187,3,1,YES,NO,NO,1820
1458,42 South Street,110,2,2,YES,YES,YES,6347
1459,91650 Nelson Circle,170,2,1,YES,YES,YES,5737
1460,6 Village Green Trail,128,3,2,YES,YES,YES,5932
1461,4035 Gina Center,49,1,1,YES,NO,NO,1113
1462,0 Summerview Crossing,48,3,2,NO,NO,NO,8106
1463,8294 South Junction,158,2,2,YES,NO,NO,244
1464,6130 Katie Alley,105,2,2,YES,YES,YES,4129
1465,97 Acker Circle,149,3,1,YES,YES,NO,3807
1466,8 Main Drive,127,3,1,YES,YES,YES,5473
1467,25114 Manley Lane,182,1,2,YES,YES,YES,254
1468,6 Lyons Hill,110,1,1,YES,NO,YES,6738
1469,73854 Bunker Hill Drive,194,3,2,YES,NO,YES,8727
1470,73 Hoepker Trail,165,1,1,YES,NO,YES,3751
1471,704 Haas Lane,75,2,1,YES,NO,YES,7496
1472,45717 Melody Way,44,3,2,YES,NO,NO,2237
1473,7 Union Center,132,3,1,YES,YES,YES,8501
1474,85 Texas Hill,53,2,2,YES,NO,NO,605
1475,33 Hovde Terrace,189,1,1,YES,YES,NO,7562
1476,79 Sunbrook Park,169,3,2,YES,YES,YES,6633
1477,085 Service Park,102,2,2,YES,YES,NO,1284
1478,1 Monica Center,126,3,1,YES,NO,YES,8857
1479,10 Killdeer Drive,138,3,2,YES,NO,YES,6074
1480,28 Maple Wood Plaza,89,3,2,YES,NO,NO,7270
1481,7769 Meadow Vale Point,140,1,1,YES,NO,NO,2807
1482,9012 Clove Drive,168,2,1,YES,YES,YES,6158
1483,2 Rockefeller Terrace,74,1,2,YES,NO,NO,6664
1484,03870 Mayer Hill,72,3,1,YES,NO,NO,1164
1485,91800 American Ash Pass,167,2,1,YES,YES,NO,2312
1486,54 Grasskamp Lane,181,2,2,YES,NO,YES,5554
1487,343 Sutherland Circle,91,3,1,YES,YES,YES,1830
1488,5477 Morning Court,129,3,2,YES,YES,YES,5
1489,73 Northport Parkway,168,1,1,YES,YES,YES,5195
1490,9867 Elmside Plaza,152,2,2,YES,NO,YES,2432
1491,24364 Lotheville Drive,128,1,2,YES,YES,NO,10344
1492,4 Pepper Wood Trail,58,2,1,YES,NO,YES,3056
1493,9 Meadow Ridge Junction,112,2,1,YES,YES,YES,9126
1494,7501 Rowland Center,165,1,2,YES,NO,YES,10141
1495,9819 Thackeray Street,180,1,1,YES,NO,YES,6517
1496,989 Heffernan Terrace,186,3,2,YES,YES,YES,2697
1497,723 Amoth Crossing,103,2,1,YES,YES,YES,2875
1498,67682 Kings Crossing,133,2,1,YES,NO,YES,3869
1499,91664 Glendale Circle,65,1,1,YES,NO,YES,1548
1500,6964 American Avenue,44,1,1,YES,YES,NO,392
1501,16 Golf Course Terrace,79,3,1,YES,YES,YES,3856
1502,595 Meadow Valley Trail,108,2,2,YES,YES,YES,2561
1503,7889 Center Place,164,2,1,YES,YES,NO,10110
1504,2352 Waubesa Circle,189,3,2,YES,NO,NO,6462
1505,3291 Parkside Center,75,2,1,YES,YES,NO,4064
1506,5 Jana Junction,150,1,1,YES,YES,YES,6427
1507,23448 Westridge Alley,204,1,2,YES,YES,NO,4626
1508,58 Quincy Plaza,189,3,2,YES,NO,NO,2011
1509,1817 Reindahl Parkway,90,2,1,YES,NO,YES,5804
1510,4 Northview Crossing,82,2,1,YES,YES,YES,7681
1511,422 Corscot Park,70,2,2,YES,YES,YES,7688
1512,0 Forest Run Plaza,74,1,2,YES,YES,NO,6860
1513,9 Redwing Crossing,90,2,1,YES,YES,NO,893
1514,45556 Sloan Circle,171,1,1,YES,NO,YES,10223
1515,5 Hoepker Terrace,120,2,2,YES,NO,YES,8910
1516,26 Heffernan Park,107,1,1,YES,YES,YES,10499
1517,3441 Crownhardt Crossing,197,3,2,YES,YES,NO,2786
1518,26241 Kim Point,78,3,1,YES,YES,YES,9350
1519,2 Oakridge Center,57,2,1,YES,NO,NO,561
1520,0 Manley Court,111,1,1,YES,NO,YES,5966
1521,1261 Jackson Plaza,121,3,1,YES,NO,NO,1138
1522,53 Longview Way,91,3,1,YES,NO,YES,7932
1523,6 Rigney Hill,187,1,1,YES,YES,NO,1956
1524,6437 Farragut Point,60,2,2,YES,NO,YES,4499
1525,836 Hermina Center,130,3,1,YES,YES,NO,4702
1526,94888 Bonner Circle,138,1,1,YES,YES,YES,9356
1527,504 Kingsford Point,157,1,1,YES,NO,YES,10467
1528,418 Rusk Way,171,1,1,YES,YES,NO,8921
1529,68 Arapahoe Court,94,1,1,YES,YES,NO,2293
1530,85 Northfield Point,137,1,2,YES,YES,NO,1388
1531,082 Grim Trail,162,1,2,YES,YES,NO,10218
1532,4217 Fallview Park,176,3,1,YES,YES,YES,2626
1533,0350 Ilene Junction,125,1,2,YES,YES,YES,572
1534,6 Oak Valley Alley,45,2,2,NO,YES,NO,2707
1535,981 Dryden Junction,47,3,2,NO,YES,NO,3097
1536,7481 Buell Junction,154,1,1,YES,YES,NO,888
1537,049 High Crossing Crossing,95,2,2,YES,YES,YES,8490
1538,4691 Almo Place,140,2,2,YES,YES,YES,7379
1539,67 Harbort Place,110,2,1,YES,NO,YES,579
1540,225 Crowley Pass,72,2,2,YES,NO,YES,1671
1541,2991 Di Loreto Plaza,187,1,1,YES,YES,YES,295
1542,1080 Shasta Trail,166,3,2,YES,YES,NO,2020
1543,89 International Point,146,2,2,YES,NO,NO,3461
1544,43 Declaration Park,161,3,1,YES,YES,YES,5509
1545,1453 Tony Terrace,166,2,1,YES,NO,YES,3325
1546,06004 Dryden Circle,180,1,2,YES,YES,YES,3379
1547,70 Anthes Drive,90,1,2,YES,YES,NO,3538
1548,6 Ruskin Lane,189,2,2,YES,YES,NO,9659
1549,94318 Hudson Road,85,2,2,YES,YES,YES,6993
1550,66 Mariners Cove Junction,42,3,1,NO,NO,NO,7024
1551,195 Thompson Center,201,3,2,YES,NO,YES,7203
1552,9441 Oakridge Place,193,2,1,YES,NO,YES,3749
1553,30 Troy Street,59,2,1,NO,YES,YES,5745
1554,0681 Sage Street,125,2,2,YES,NO,YES,6109
1555,2663 Maywood Court,55,1,1,YES,YES,NO,8087
1556,146 Donald Way,207,1,2,YES,YES,YES,2500
1557,72 Bultman Parkway,69,2,2,YES,YES,NO,3410
1558,5808 Continental Plaza,53,1,2,YES,NO,YES,3307
1559,73 Sunfield Point,47,2,2,YES,NO,NO,5557
1560,06726 Green Drive,175,1,2,YES,YES,YES,1737
1561,6392 Kenwood Park,82,3,1,YES,YES,YES,9618
1562,55876 Waubesa Center,165,3,1,YES,YES,YES,9768
1563,486 Canary Plaza,55,2,2,NO,YES,YES,1041
1564,0 Warner Park,45,2,2,YES,NO,NO,934
1565,05678 Harper Trail,148,2,2,YES,YES,NO,5011
1566,97 Autumn Leaf Crossing,179,3,1,YES,YES,YES,9093
1567,7500 Moulton Plaza,40,1,2,YES,NO,NO,6175
1568,916 Kinsman Drive,170,2,2,YES,YES,YES,5209
1569,704 Dovetail Park,181,1,1,YES,NO,YES,8291
1570,0650 Randy Street,163,2,1,YES,YES,YES,6700
1571,268 Lakewood Park,60,2,1,NO,YES,NO,6871
1572,982 Onsgard Junction,164,2,2,YES,NO,NO,1908
1573,2667 Merchant Drive,142,3,2,YES,NO,YES,5564
1574,711 Shopko Way,178,3,2,YES,YES,YES,6512
1575,634 Graceland Junction,114,2,2,YES,NO,NO,3354
1576,7188 Ludington Alley,109,1,2,YES,YES,YES,3511
1577,060 Vera Alley,132,2,1,YES,YES,NO,254
1578,417 Schurz Trail,74,1,1,YES,YES,YES,2410
1579,092 Ruskin Junction,80,3,2,YES,YES,NO,2942
1580,1 Banding Pass,147,2,2,YES,YES,YES,164
1581,71089 Dennis Plaza,187,3,1,YES,YES,YES,9694
1582,56 Schiller Way,120,2,2,YES,NO,YES,9725
1583,08887 Moulton Crossing,88,3,2,YES,NO,YES,608
1584,8 Scoville Trail,122,2,2,YES,YES,NO,7535
1585,72 Kim Junction,143,1,1,YES,YES,YES,10576
1586,40855 Esch Court,108,3,2,YES,YES,NO,9468
1587,8550 Rigney Crossing,80,3,2,YES,YES,YES,1412
1588,7675 Lakeland Hill,205,1,2,YES,YES,YES,5303
1589,678 Anzinger Hill,120,1,1,YES,YES,NO,8261
1590,33 Thierer Terrace,138,1,2,YES,YES,NO,10747
1591,392 Express Plaza,178,1,2,YES,YES,YES,9003
1592,39243 Montana Hill,109,3,2,YES,YES,YES,5701
1593,9 Pankratz Court,141,3,2,YES,YES,NO,6788
1594,2794 Riverside Pass,68,2,2,YES,YES,YES,9604
1595,83 Fuller Pass,101,2,1,YES,YES,YES,5851
1596,1189 Blaine Pass,140,2,2,YES,NO,NO,10904
1597,8 Tennessee Plaza,70,1,2,NO,NO,YES,9117
1598,67 Melby Crossing,62,2,1,NO,YES,YES,1953
1599,61260 5th Hill,141,1,2,YES,YES,NO,1634
1600,1 Northwestern Point,109,3,2,YES,YES,YES,10240
1601,0 Utah Street,41,3,2,NO,NO,NO,8555
1602,4812 Cardinal Circle,78,1,1,YES,NO,NO,3778
1603,84262 Paget Court,188,1,2,YES,YES,YES,2562
1604,15376 Oneill Center,92,2,2,YES,YES,NO,10700
1605,68998 Hermina Pass,186,3,1,YES,YES,YES,9555
1606,42 Debra Lane,146,1,2,YES,YES,YES,5465
1607,857 Westend Pass,160,2,1,YES,YES,YES,2329
1608,059 Chive Park,88,2,2,YES,NO,YES,3663
1609,49 Morrow Plaza,112,1,1,YES,NO,YES,4337
1610,26 Judy Road,179,3,2,YES,YES,YES,10482
1611,74856 1st Plaza,40,2,1,YES,NO,NO,4530
1612,4236 Burrows Pass,108,3,2,YES,NO,YES,8271
1613,2 Holmberg Center,86,3,2,YES,YES,YES,3600
1614,24 Jackson Road,160,2,2,YES,NO,YES,103
1615,38197 Gina Terrace,204,1,1,YES,YES,YES,4327
1616,4 Brentwood Trail,90,1,2,YES,YES,NO,1519
1617,30 Longview Drive,149,1,2,YES,YES,YES,8189
1618,5710 Melrose Street,73,3,1,YES,NO,NO,10103
1619,04732 Roth Lane,133,2,2,YES,YES,YES,452
1620,27 Dayton Parkway,158,3,2,YES,YES,NO,9406
1621,553 Ryan Place,208,2,2,YES,NO,YES,6653
1622,8 Arizona Street,168,2,2,YES,NO,YES,6873
1623,074 International Lane,60,1,1,NO,YES,YES,5201
1624,0 Meadow Valley Lane,194,3,2,YES,NO,NO,3111
1625,14805 Washington Terrace,193,1,2,YES,YES,YES,139
1626,9500 Glacier Hill Avenue,146,3,2,YES,YES,NO,4098
1627,5139 Rockefeller Court,184,3,1,YES,YES,YES,3900
1628,03 Algoma Crossing,43,2,1,NO,YES,NO,8893
1629,5676 Hansons Terrace,193,2,1,YES,YES,YES,7720
1630,97 Johnson Junction,178,1,1,YES,NO,YES,3832
1631,4 Meadow Ridge Crossing,61,3,1,YES,YES,NO,5491
1632,5 Twin Pines Junction,114,3,2,YES,YES,YES,4317
1633,50558 Portage Place,161,2,1,YES,YES,NO,9576
1634,4010 Reindahl Drive,43,1,1,NO,YES,NO,10132
1635,758 Macpherson Plaza,179,2,2,YES,NO,NO,7400
1636,565 Anderson Center,91,3,1,YES,YES,YES,3635
1637,49500 Florence Alley,95,1,1,YES,NO,NO,1351
1638,74 Coolidge Avenue,66,1,2,NO,YES,YES,8686
1639,695 Westend Court,194,3,1,YES,YES,NO,10755
1640,159 Eggendart Way,170,3,1,YES,YES,YES,8547
1641,31836 Northwestern Hill,51,1,1,NO,YES,NO,9226
1642,8209 Forest Run Drive,123,2,1,YES,YES,YES,10764
1643,10 Village Drive,50,2,2,NO,NO,YES,130
1644,7 Farragut Trail,182,1,2,YES,NO,NO,3970
1645,4 Golf Course Junction,152,1,1,YES,YES,YES,9704
1646,8 Arizona Drive,52,2,2,NO,YES,YES,7537
1647,4 Dayton Center,152,2,2,YES,NO,YES,8191
1648,82 Lukken Street,153,2,2,YES,NO,YES,1097
1649,68 Rockefeller Avenue,178,3,1,YES,NO,YES,8668
1650,40049 Brown Crossing,200,3,2,YES,NO,YES,8002
1651,199 Logan Place,210,1,2,YES,NO,NO,6801
1652,0 Bartelt Avenue,172,2,1,YES,YES,YES,3026
1653,16 Becker Street,74,3,1,YES,YES,NO,6199
1654,751 Schurz Place,91,1,2,YES,YES,NO,3556
1655,64 Jay Way,142,2,2,YES,YES,YES,7792
1656,681 Buhler Way,89,3,2,YES,YES,NO,4076
1657,4 Summer Ridge Road,120,3,1,YES,YES,YES,5446
1658,0208 Wayridge Trail,48,3,1,NO,NO,NO,7087
1659,8 Banding Hill,144,2,2,YES,YES,NO,5909
1660,5 Badeau Plaza,151,3,2,YES,YES,YES,2475
1661,6368 Hazelcrest Court,97,2,2,YES,YES,YES,984
1662,0 Swallow Lane,50,2,1,YES,NO,YES,3992
1663,459 Eliot Alley,41,2,2,YES,NO,NO,1283
1664,9 Village Lane,77,3,2,YES,NO,NO,9660
1665,1 Almo Pass,93,2,1,YES,YES,YES,10916
1666,7 Ilene Center,85,3,1,YES,YES,YES,6291
1667,1 Graedel Center,66,3,1,YES,NO,YES,1214
1668,8740 Northfield Drive,51,3,1,YES,NO,YES,3296
1669,85 Donald Hill,87,2,2,YES,NO,YES,8588
1670,2 Lien Court,70,3,2,NO,NO,YES,1724
1671,93551 Lotheville Avenue,150,2,2,YES,YES,NO,10957
1672,3717 Mayer Junction,56,1,2,YES,NO,YES,1141
1673,07038 Pierstorff Trail,180,2,2,YES,YES,NO,1003
1674,18 Towne Terrace,208,2,1,YES,YES,YES,3885
1675,43 Texas Street,110,1,1,YES,YES,YES,3620
1676,0209 Grayhawk Drive,187,1,2,YES,YES,NO,10177
1677,66 Bluejay Junction,99,3,2,YES,YES,YES,4840
1678,995 Lake View Plaza,81,1,1,YES,YES,NO,4677
1679,9496 Nova Avenue,197,2,2,YES,YES,YES,3095
1680,30 Mesta Point,118,1,2,YES,YES,NO,5663
1681,58791 Merry Alley,183,1,1,YES,YES,YES,5470
1682,3495 Oneill Terrace,141,2,2,YES,YES,NO,6915
1683,11 Duke Place,190,3,1,YES,YES,YES,4943
1684,8336 Manitowish Drive,186,1,1,YES,YES,NO,6999
1685,43 Charing Cross Drive,177,2,2,YES,YES,NO,8290
1686,62 Gulseth Parkway,151,2,2,YES,NO,NO,2827
1687,9 Dwight Court,140,3,2,YES,YES,NO,5093
1688,277 Butterfield Avenue,144,3,2,YES,YES,YES,10793
1689,7963 Beilfuss Junction,182,3,2,YES,YES,YES,1292
1690,4327 Corry Park,60,1,2,NO,YES,NO,1040
1691,691 Waubesa Terrace,55,3,2,NO,YES,YES,2943
1692,93867 Maywood Street,159,3,1,YES,YES,YES,662
1693,048 Shoshone Drive,170,2,2,YES,YES,YES,8971
1694,6779 Village Terrace,87,2,2,YES,NO,YES,992
1695,987 Chive Road,108,3,2,YES,YES,NO,1157
1696,2 Lillian Park,99,3,1,YES,YES,YES,6644
1697,28362 Fallview Crossing,73,2,1,YES,NO,NO,4089
1698,667 Butterfield Circle,110,2,1,YES,YES,YES,4597
1699,700 Monterey Pass,123,3,2,YES,NO,NO,8704
1700,8868 Prairieview Crossing,182,3,2,YES,NO,YES,2518
1701,22917 Scoville Road,47,1,2,NO,YES,NO,4880
1702,1 Truax Place,96,2,1,YES,NO,NO,10758
1703,00225 American Pass,42,1,1,NO,YES,NO,3954
1704,6 Bartillon Pass,155,2,1,YES,NO,NO,10055
1705,0599 Coleman Terrace,116,2,1,YES,NO,NO,8909
1706,55 Swallow Street,68,1,2,YES,NO,NO,9676
1707,413 Holmberg Plaza,89,3,2,YES,NO,NO,4627
1708,48775 Hudson Parkway,92,1,1,YES,NO,YES,5801
1709,390 Atwood Plaza,202,2,1,YES,NO,NO,10417
1710,3 Acker Drive,118,1,2,YES,YES,NO,3702
1711,541 Sunnyside Point,79,2,2,YES,YES,NO,2882
1712,7 John Wall Road,179,3,2,YES,YES,YES,8480
1713,50758 Mcbride Drive,75,2,2,YES,NO,YES,3653
1714,3148 Larry Terrace,119,2,2,YES,YES,YES,9681
1715,28 Briar Crest Road,193,1,2,YES,YES,NO,8105
1716,7734 Canary Circle,89,1,2,YES,YES,NO,3890
1717,52 Autumn Leaf Center,207,3,2,YES,NO,YES,9794
1718,73 Mccormick Drive,171,1,2,YES,NO,NO,6461
1719,9 Maryland Terrace,143,2,2,YES,NO,YES,6186
1720,581 Blaine Center,157,3,1,YES,NO,NO,7265
1721,2439 Warner Way,130,3,2,YES,NO,NO,5282
1722,94 Ridgeview Drive,115,1,1,YES,YES,YES,3336
1723,8182 Bluestem Plaza,90,3,1,YES,NO,NO,370
1724,35 Magdeline Circle,55,2,2,YES,NO,NO,438
1725,7696 Dennis Circle,54,2,2,NO,NO,YES,9558
1726,2097 Goodland Court,69,2,1,YES,YES,YES,1406
1727,479 Sugar Alley,127,3,2,YES,YES,NO,6904
1728,77 Talisman Pass,112,3,2,YES,YES,YES,1890
1729,278 Victoria Avenue,131,3,1,YES,NO,YES,10191
1730,214 Truax Trail,65,2,2,NO,YES,YES,2029
1731,95733 Oak Valley Street,58,2,2,YES,NO,YES,5298
1732,6 Myrtle Avenue,112,3,1,YES,NO,YES,5064
1733,7371 Dryden Place,68,3,2,YES,NO,YES,9669
1734,1 Troy Point,123,1,1,YES,YES,YES,10783
1735,9280 Lerdahl Parkway,197,3,1,YES,YES,NO,4895
1736,59 Clyde Gallagher Center,116,3,2,YES,YES,NO,2897
1737,260 Onsgard Alley,71,2,2,YES,YES,NO,9862
1738,77 Twin Pines Drive,79,1,2,YES,YES,NO,3217
1739,647 Hoard Place,110,2,2,YES,NO,YES,2899
1740,53686 Merchant Drive,101,1,1,YES,YES,NO,5933
1741,2476 Old Gate Crossing,45,1,2,YES,YES,NO,873
1742,9561 Menomonie Point,54,2,1,YES,YES,NO,1416
1743,1 Dakota Alley,147,3,1,YES,YES,YES,507
1744,96943 Redwing Pass,79,2,1,YES,YES,YES,2814
1745,07521 Sachtjen Terrace,95,2,2,YES,YES,YES,859
1746,4 Rigney Terrace,171,2,2,YES,NO,YES,7402
1747,1226 Cordelia Park,106,2,1,YES,YES,YES,9870
1748,4909 Grasskamp Lane,180,2,1,YES,YES,NO,6398
1749,21 Waywood Alley,134,1,2,YES,NO,YES,2190
1750,19 Texas Pass,135,3,2,YES,NO,YES,834
1751,35470 Heffernan Parkway,96,2,1,YES,YES,YES,7260
1752,084 Holy Cross Place,207,3,2,YES,NO,YES,8208
1753,52420 Fordem Point,61,1,1,NO,YES,NO,10543
1754,94389 Northridge Trail,195,3,1,YES,YES,YES,10267
1755,4200 Iowa Street,84,1,2,YES,NO,YES,9345
1756,460 Esker Avenue,56,2,2,YES,YES,NO,8808
1757,93 Thackeray Circle,58,3,1,NO,YES,YES,5360
1758,85992 Center Drive,68,2,1,NO,YES,YES,7037
1759,2462 Fulton Lane,91,1,1,YES,NO,YES,8374
1760,75767 Onsgard Avenue,110,1,2,YES,YES,NO,3424
1761,139 Elgar Circle,165,2,1,YES,NO,YES,7101
1762,84 Basil Trail,133,3,1,YES,NO,YES,8052
1763,898 Arapahoe Point,154,2,2,YES,YES,YES,4473
1764,4 Pearson Alley,67,2,1,YES,YES,YES,6299
1765,51 Commercial Crossing,101,3,2,YES,YES,NO,10436
1766,809 John Wall Hill,81,2,2,YES,YES,YES,1706
1767,37259 Tomscot Pass,201,3,1,YES,NO,YES,2920
1768,45291 Express Way,142,3,1,YES,YES,NO,7329
1769,1700 Maple Lane,131,3,2,YES,NO,YES,8387
1770,00599 Buell Terrace,175,1,1,YES,YES,YES,3363
1771,92338 Rowland Road,57,1,1,NO,YES,YES,6031
1772,43830 Iowa Avenue,121,1,2,YES,YES,NO,10786
1773,181 Nevada Lane,44,2,1,NO,NO,NO,6424
1774,17 Ridgeview Avenue,180,3,2,YES,NO,YES,7554
1775,4702 Eagle Crest Trail,48,2,1,NO,NO,NO,9175
1776,1 High Crossing Lane,157,3,2,YES,YES,YES,5937
1777,6 Boyd Junction,47,1,1,NO,NO,NO,714
1778,69 Tony Hill,199,3,1,YES,YES,YES,340
1779,1 Mesta Parkway,201,3,2,YES,NO,NO,9288
1780,69 Forest Dale Road,82,2,1,YES,NO,YES,9041
1781,501 Express Court,134,2,2,YES,YES,NO,6000
1782,95 Emmet Circle,44,3,2,NO,YES,NO,1744
1783,5 Lotheville Drive,141,1,1,YES,YES,NO,7180
1784,301 Homewood Avenue,206,3,2,YES,NO,NO,3496
1785,814 Fulton Alley,155,1,1,YES,YES,YES,5296
1786,5 Linden Drive,46,3,2,NO,YES,NO,7294
1787,632 Manufacturers Alley,90,1,2,YES,YES,YES,4919
1788,2588 Bonner Place,154,2,2,YES,NO,YES,102
1789,9878 Barnett Circle,189,1,1,YES,YES,NO,8207
1790,629 Mockingbird Center,209,2,2,YES,NO,YES,1786
1791,3931 Redwing Park,87,2,2,YES,YES,YES,3681
1792,23 Calypso Road,170,3,1,YES,YES,NO,6226
1793,0 Homewood Park,85,1,1,YES,YES,NO,1188
1794,2009 Mandrake Junction,192,3,1,YES,NO,YES,983
1795,702 Scott Lane,45,2,1,YES,NO,NO,1039
1796,39 Towne Point,152,1,1,YES,YES,YES,5089
1797,821 Ohio Hill,94,2,2,YES,YES,YES,3236
1798,49 Green Road,196,2,2,YES,NO,YES,9182
1799,766 Waubesa Court,79,3,1,YES,YES,YES,7641
1800,965 Norway Maple Pass,96,3,1,YES,NO,YES,3515
1801,1 Jenna Court,112,3,2,YES,NO,YES,2895
1802,617 Ramsey Plaza,202,1,2,YES,NO,YES,2468
1803,81317 Roxbury Pass,57,1,1,NO,YES,NO,4306
1804,6030 Stephen Drive,117,3,1,YES,YES,NO,5706
1805,20203 Twin Pines Park,122,2,2,YES,NO,NO,1990
1806,4 Rieder Way,92,1,2,YES,NO,NO,7465
1807,74954 Graedel Alley,83,3,2,YES,YES,YES,7451
1808,15 Clemons Alley,112,3,1,YES,NO,YES,10862
1809,227 Carpenter Lane,188,2,1,YES,YES,NO,10623
1810,9197 Almo Place,60,1,1,YES,NO,YES,6833
1811,895 Straubel Alley,89,1,1,YES,YES,YES,5894
1812,02844 Westerfield Trail,68,2,2,NO,YES,YES,5448
1813,6 Hollow Ridge Alley,95,1,1,YES,YES,YES,3563
1814,9 Reindahl Hill,88,2,2,YES,YES,YES,7511
1815,3483 8th Pass,204,1,1,YES,NO,NO,4954
1816,447 Bartelt Parkway,83,2,2,YES,NO,NO,8398
1817,9 5th Way,52,1,2,YES,NO,NO,5712
1818,3 Northport Crossing,185,1,2,YES,NO,YES,2462
1819,05 Elmside Circle,129,1,1,YES,YES,NO,1031
1820,299 Eagan Pass,43,2,2,NO,NO,NO,7409
1821,225 Farragut Circle,186,3,1,YES,YES,YES,3395
1822,9 Corben Crossing,41,2,2,YES,NO,NO,6611
1823,7002 Elgar Avenue,98,3,2,YES,YES,YES,10416
1824,48 Stoughton Crossing,179,1,2,YES,YES,YES,4396
1825,29 Bluejay Avenue,144,3,1,YES,YES,YES,9402
1826,89151 Golf Course Road,51,3,1,YES,YES,YES,5079
1827,9459 Forest Plaza,76,2,1,YES,NO,YES,8396
1828,4774 Roth Crossing,83,2,1,YES,YES,YES,6647
1829,9 Maple Junction,182,3,1,YES,YES,YES,5722
1830,3128 Montana Point,63,3,1,YES,YES,YES,6513
1831,7683 Hintze Lane,121,1,2,YES,NO,NO,9715
1832,6 Pepper Wood Street,151,2,2,YES,YES,YES,3120
1833,2289 Debra Plaza,77,2,2,YES,YES,YES,382
1834,3629 Kensington Hill,106,2,2,YES,YES,YES,3994
1835,8737 Golf Course Road,126,1,2,YES,YES,YES,6051
1836,60 Parkside Center,168,2,1,YES,YES,YES,2034
1837,414 Summerview Point,74,3,2,YES,YES,NO,2124
1838,26408 Kenwood Center,205,3,2,YES,YES,YES,5322
1839,9 Butterfield Point,143,1,2,YES,NO,NO,10602
1840,29413 Summit Lane,95,3,2,YES,YES,YES,10951
1841,196 High Crossing Park,156,1,1,YES,YES,NO,3934
1842,53648 Barnett Center,172,2,2,YES,YES,NO,287
1843,8 Artisan Road,101,1,2,YES,YES,NO,5030
1844,090 Tomscot Center,204,2,1,YES,YES,NO,2386
1845,90 Scott Place,110,2,1,YES,YES,NO,7258
1846,884 Sheridan Plaza,194,3,2,YES,NO,YES,10601
1847,0 Blue Bill Park Lane,99,2,1,YES,YES,NO,7928
1848,6 Scofield Lane,145,3,1,YES,YES,YES,8716
1849,3 Nancy Court,207,1,2,YES,NO,NO,10231
1850,09834 Vernon Pass,62,3,1,YES,YES,YES,9943
1851,42 Melvin Junction,99,1,2,YES,YES,YES,4293
1852,9440 Browning Parkway,50,1,2,YES,YES,NO,8341
1853,2 Heffernan Street,151,2,2,YES,YES,NO,6693
1854,678 Namekagon Parkway,67,1,2,YES,YES,NO,5614
1855,8168 Del Sol Terrace,129,3,2,YES,NO,NO,5126
1856,4 Arrowood Hill,131,1,2,YES,YES,YES,1611
1857,18842 Towne Avenue,178,3,1,YES,YES,YES,3969
1858,161 Hagan Pass,209,3,1,YES,NO,YES,3674
1859,3343 Beilfuss Trail,147,2,1,YES,NO,NO,7949
1860,82 Arizona Road,90,3,1,YES,YES,YES,5406
1861,9 Hanson Court,60,2,2,NO,NO,YES,10187
1862,636 Starling Avenue,155,2,1,YES,YES,NO,2867
1863,48427 Artisan Place,96,2,2,YES,YES,YES,5533
1864,9588 Longview Crossing,108,2,2,YES,YES,NO,2628
1865,969 Pepper Wood Terrace,75,2,1,YES,YES,NO,4988
1866,89 Sundown Parkway,191,2,2,YES,YES,YES,10680
1867,629 Shasta Parkway,97,1,1,YES,YES,YES,2669
1868,3 Hayes Crossing,111,1,2,YES,YES,YES,1256
1869,222 Arrowood Terrace,113,1,2,YES,YES,YES,7840
1870,81 2nd Road,87,1,2,YES,NO,NO,6134
1871,6970 Knutson Crossing,105,2,1,YES,NO,YES,2239
1872,7 Roxbury Avenue,179,3,1,YES,NO,NO,584
1873,76646 Garrison Hill,78,2,2,YES,YES,NO,1676
1874,00 Hooker Plaza,83,1,1,YES,YES,NO,10173
1875,53262 Fulton Way,177,2,2,YES,YES,NO,186
1876,34678 Starling Lane,141,2,1,YES,YES,YES,1239
1877,78 Maywood Junction,79,1,1,YES,YES,NO,1335
1878,6 Claremont Pass,59,3,1,NO,YES,YES,5038
1879,40 Derek Plaza,105,1,1,YES,YES,YES,3082
1880,66 Heffernan Junction,161,1,2,YES,YES,YES,1184
1881,604 Lien Plaza,181,2,1,YES,YES,NO,9278
1882,56447 Welch Terrace,174,1,2,YES,YES,YES,7467
1883,7 Laurel Parkway,82,2,2,YES,YES,YES,2081
1884,4 Golden Leaf Alley,95,3,2,YES,YES,NO,2071
1885,6777 Mendota Crossing,202,2,1,YES,YES,YES,8075
1886,01817 Delladonna Road,155,3,2,YES,YES,YES,10795
1887,06 Toban Terrace,52,1,2,YES,NO,YES,9962
1888,0367 Weeping Birch Terrace,45,2,2,NO,YES,NO,9506
1889,384 Utah Center,165,1,2,YES,NO,YES,6583
1890,7818 Sachtjen Court,103,1,2,YES,NO,YES,9292
1891,38 Rockefeller Point,102,3,1,YES,YES,YES,1488
1892,91 Dexter Trail,149,1,2,YES,NO,NO,1808
1893,35 Division Park,146,1,2,YES,YES,NO,537
1894,30939 Tennyson Drive,86,3,1,YES,NO,YES,3056
1895,1620 Novick Alley,74,2,2,YES,YES,NO,620
1896,24066 Dayton Crossing,52,1,2,YES,YES,NO,1665
1897,81 Messerschmidt Court,155,1,1,YES,NO,NO,5143
1898,830 Johnson Street,95,1,1,YES,NO,NO,2195
1899,84343 Talisman Junction,164,1,1,YES,YES,YES,10673
1900,75369 Moland Street,181,1,1,YES,YES,NO,4750
1901,18070 Bellgrove Alley,138,3,2,YES,NO,YES,9591
1902,3410 Lake View Parkway,58,2,1,YES,NO,YES,9161
1903,74 Manitowish Street,116,3,2,YES,NO,YES,1231
1904,84 Morrow Alley,88,2,2,YES,YES,YES,10596
1905,9 Bellgrove Court,144,2,1,YES,YES,YES,6445
1906,0 Gale Crossing,52,1,1,NO,YES,YES,2994
1907,0 Ridgeview Road,50,2,1,YES,YES,NO,4644
1908,44960 Golf Terrace,72,1,2,YES,YES,NO,9446
1909,65773 Banding Plaza,58,1,2,NO,NO,YES,1948
1910,443 Monument Trail,180,2,1,YES,NO,YES,7685
1911,452 Summer Ridge Plaza,209,2,2,YES,YES,NO,2939
1912,8151 Wayridge Pass,70,2,2,YES,NO,YES,363
1913,7 Mallory Street,193,2,1,YES,NO,YES,9354
1914,71651 Pawling Hill,122,1,2,YES,YES,NO,6578
1915,2 Hermina Park,118,3,2,YES,NO,NO,350
1916,2 Roth Junction,100,3,2,YES,YES,YES,68
1917,88 Westerfield Court,144,3,2,YES,YES,NO,8633
1918,8360 Transport Center,174,3,2,YES,YES,YES,7144
1919,05 Corry Avenue,189,1,1,YES,YES,YES,1306
1920,5339 Forest Way,137,3,2,YES,YES,NO,10648
1921,0 Sutherland Trail,119,1,1,YES,NO,YES,9262
1922,13 Donald Terrace,66,3,2,YES,YES,NO,9740
1923,6651 Truax Place,153,1,1,YES,YES,NO,6669
1924,0 Jenifer Crossing,88,3,1,YES,YES,YES,2498
1925,04 Summerview Point,151,3,2,YES,NO,YES,668
1926,825 4th Plaza,94,3,1,YES,NO,NO,3388
1927,5 Homewood Crossing,115,3,1,YES,NO,YES,9781
1928,09 Grover Terrace,132,1,1,YES,NO,NO,10388
1929,94737 High Crossing Road,126,2,1,YES,YES,NO,3426
1930,9 Lukken Park,177,3,1,YES,YES,YES,5244
1931,34 Esker Alley,178,2,1,YES,YES,YES,9570
1932,05 Portage Drive,199,3,2,YES,YES,YES,1383
1933,747 Derek Terrace,68,1,1,NO,NO,YES,5615
1934,86 Rusk Way,141,2,2,YES,YES,YES,6038
1935,75456 Atwood Crossing,113,2,2,YES,YES,NO,1012
1936,3647 Doe Crossing Alley,196,2,2,YES,NO,NO,9141
1937,81 Oak Center,48,1,2,NO,NO,NO,9874
1938,70 Brown Way,68,1,1,NO,YES,YES,2290
1939,7752 Novick Junction,102,2,1,YES,YES,YES,244
1940,40 Burning Wood Junction,191,2,2,YES,NO,NO,7377
1941,9 Riverside Crossing,82,1,1,YES,NO,YES,9467
1942,3375 Ridgeway Hill,97,2,1,YES,YES,NO,1568
1943,06523 Lakeland Circle,108,1,2,YES,YES,YES,1311
1944,509 Village Green Point,40,3,2,NO,NO,NO,4665
1945,479 Swallow Park,200,1,2,YES,YES,YES,3071
1946,4 Pankratz Circle,56,3,1,YES,YES,YES,4435
1947,408 Crowley Terrace,207,1,1,YES,YES,YES,8998
1948,7218 Manley Alley,96,3,1,YES,YES,YES,882
1949,224 Sunnyside Point,119,3,2,YES,YES,NO,7856
1950,80 8th Way,50,1,1,YES,YES,NO,5152
1951,08 Becker Drive,43,2,2,NO,NO,NO,10888
1952,49857 Sachtjen Junction,180,2,2,YES,YES,NO,3477
1953,14 Milwaukee Park,199,3,2,YES,YES,YES,5253
1954,768 Arrowood Point,67,3,2,YES,YES,YES,2815
1955,5 Straubel Way,176,2,2,YES,YES,NO,6064
1956,51078 Calypso Point,160,2,1,YES,NO,YES,8432
1957,1 Cascade Court,86,3,2,YES,YES,NO,4911
1958,7813 Farwell Hill,50,3,2,YES,YES,YES,3797
1959,8940 Welch Junction,135,1,1,YES,YES,YES,6839
1960,8124 Lotheville Circle,129,3,1,YES,YES,NO,9884
1961,514 Summer Ridge Lane,162,1,2,YES,YES,YES,3824
1962,5936 Straubel Terrace,201,2,2,YES,YES,YES,7303
1963,54967 Lakewood Gardens Park,113,2,2,YES,NO,NO,9877
1964,126 Cordelia Place,204,3,1,YES,NO,YES,5481
1965,927 Fordem Junction,146,3,2,YES,YES,YES,1731
1966,8 Colorado Place,68,3,1,NO,NO,YES,4423
1967,694 Basil Point,167,2,1,YES,NO,YES,9662
1968,0 Mcguire Park,145,1,1,YES,YES,NO,7254
1969,598 Northwestern Terrace,66,3,1,NO,YES,NO,1240
1970,00 Jenifer Way,66,3,1,NO,YES,YES,7931
1971,39819 Carioca Avenue,156,2,2,YES,NO,YES,10511
1972,55 Mesta Alley,81,1,1,YES,NO,YES,9924
1973,41699 Lighthouse Bay Junction,187,3,1,YES,NO,NO,10239
1974,9260 Cody Road,114,2,2,YES,YES,NO,10356
1975,08102 Pond Way,66,2,1,NO,YES,NO,7909
1976,6 Heath Hill,63,2,2,YES,YES,NO,6162
1977,6 Hayes Terrace,119,1,2,YES,YES,YES,9258
1978,8305 Rieder Court,110,2,2,YES,YES,NO,9872
1979,3 Prairie Rose Center,102,2,1,YES,YES,YES,10203
1980,6340 Hansons Trail,42,1,1,NO,NO,NO,8985
1981,601 Jackson Place,130,3,2,YES,YES,YES,8841
1982,6306 Hovde Pass,117,3,2,YES,YES,YES,4168
1983,9895 Paget Alley,177,2,2,YES,YES,NO,2340
1984,6070 Artisan Circle,113,1,2,YES,NO,NO,8147
1985,8673 Pawling Court,169,2,1,YES,NO,YES,6834
1986,97587 Badeau Lane,49,2,1,NO,YES,NO,6615
1987,7 Hallows Court,41,3,2,YES,YES,NO,4375
1988,5812 Bultman Park,131,3,1,YES,YES,YES,525
1989,22282 Merry Center,118,3,2,YES,YES,YES,5796
1990,7259 Brown Lane,128,1,1,YES,YES,NO,535
1991,9 Reindahl Junction,118,2,1,YES,YES,YES,1165
1992,1802 Packers Alley,119,3,1,YES,YES,YES,2111
1993,47 Lyons Terrace,166,1,1,YES,YES,NO,4784
1994,6357 Clove Junction,106,2,2,YES,YES,YES,7882
1995,605 Twin Pines Center,148,3,1,YES,YES,YES,921
1996,64 Di Loreto Parkway,163,1,2,YES,NO,YES,84
1997,47251 Forest Run Terrace,150,1,2,YES,NO,YES,2255
1998,9 Westerfield Avenue,149,1,2,YES,YES,YES,2575
1999,589 Rutledge Avenue,161,1,2,YES,NO,YES,10322
2000,2 Moland Way,175,2,1,YES,NO,NO,10307
